	IconId	Description	Icon
1	bbq	bbq	"data:image/png;base64,iVBORw0KGgoAAAANSUhEUgAAAgAAAAIACAYAAAD0eNT6AAAABHNCSVQICAgIfAhkiAAAAAlwSFlzAAAOxAAADsQBlSsOGwAAABl0RVh0U29mdHdhcmUAd3d3Lmlua3NjYXBlLm9yZ5vuPBoAACAASURBVHic7d13tORVlejx770d6CZ200iQ2E1OkkQfyiBgGEGMz4CojKMYcJ6DKCCjjgFHQUdAxoBZBEefjrpUBBUVRQFBBQkiSVJLDk1smk633h+n+9Ei9K1779n7V7+q72ets7pd6q69q6vO2fUL5weSJEmSJEmSJEmSJEmSJEmSJEmSJEmSJEmSJEmSJEmSJEmSJEmSJEmSJEmSJEmSJEmSJEmSJEmSJEmSJEmSJEmSJEmSJEmSJEmSJEmSJEmSJEmSJEmSJEmSJEmSJEmSJEmSJEmSJEmSJEmSJEmSJEmSJEmSJEmSJEmSJEmSJEmSJEmSJEmSJEmSJEmSJEmSJEmSJEmSJEmSJEmSJEmSJEmSJEmSJEmSJEmSJEmSJEmSJEmSJEmSJEmSJEmSJEmSJEmSJEmSJEmSJEmSJEmSJEmSJEmSJEmSJEmSJEmS2meo6QSkHjUHmFkx3iXA0orxRrMLMFwp1nzgqkqxurE6sHXFeLcCt1WMJ0nqU1sBDwCdSuOLuelzaMXcO8CrE3MfAr5XMfd5wGaJ+UuSWmoa5dd6rQXocmDVxPx3BB6umP9/JeYOcHjF3EeAF+emL0lqq5OptwA9AmybmPt04OqK+V8KrJKY/y7Awor5fzIxd0lSi+1OOU9fawE6Jjd9PlQx9xHgWYm5DwPnV8z/NmDNxPwlSS01DFxIvQXoJmC1xPw3BxZUzP+ribkDHFIx9w7wytz0JUlt9XrqLkAHpWYP366Y+wJgg8TcVwXuqJj/bxNzlyS12BDwJ+otQNcDkxPz3xxYUjH/kxNzB/g/FXPv4IV/kqQuvYS6C9ChuenzxYq5L6E0FFkmAzdUzP8K3N9Ekt"
2	beer-1	beer-1	"data:image/png;base64,iVBORw0KGgoAAAANSUhEUgAAAgAAAAIACAYAAAD0eNT6AAAABHNCSVQICAgIfAhkiAAAAAlwSFlzAAAOxAAADsQBlSsOGwAAABl0RVh0U29mdHdhcmUAd3d3Lmlua3NjYXBlLm9yZ5vuPBoAABDPSURBVHic7d1/7N3VXcfxV+HbFmppwa3AOiLVOYky2AzRBFjCdGHMkOjQzThdtvkDJnNGTTT6h9FlUaIkmmCyzPkri/tnZiFs/mE04pwdMAKoyzYsP8aPyY9lWGH9IYO2+9Y/ro3YUWn7veecez/vxyM5/56ecz833/Ps/dwfCQAAAAAAAAAAAAAAAAAAAAAAAAAAAAAAAAAAAAAAAAAAAAAAAAAAAAAAAAAAAAAAAAAAAAAAAAAAAAAAAAAAAAAAAAAAAAAAAAAAAAAAAAAAAAAAAAAAAAAAAAAAAAAAAAAAAAAAAAAAAAAAAAAAAAAAAAAAAAAAAAAAAAAAAAAAAAAAAAAAAAAAAFDLutELgMK+J8llSbYnOSfJytjldHMoyVeTPJHkjiS7xi4HANpbSfKeJA8kOWzkcJL7k1ybOgEEQDEXJPlixh+4izq+kOTVJ/3oAsACen2SZzL+kF308XRmt0UAYOntSPJUxh+uyzJ2J3nVyTzQALBIbs/4Q3XZxs6TeqQBYEG8JeMP02UdP3wSjzdwnE4ZvQCYuPeOXsASu370AmDKfA8AtLM1s3v/G0YvZEk9n2Rbkn2jFwJT5BUAaOc1cfivxcYkF45eBEyVAIB2to9ewAR4DKERAQDtbBm9gAk4c/QCYKoEAAAUJAAAoCABAAAFCQAAKEgAAEBBAgAAChIAAFCQAACAggQAABS0MnoBwAk5lOTToxdxDFckWT96EcDxEQCwXPYnuXL0Io7h6SRnjV4EcHzcAgCAggQAABQkAACgIAEAAAUJAAAoSAAAQEECAAAKEgAAUJAAAICCBAAAFCQAAKAgAQAABQkAAChIAABAQX4OGJbLui"
3	beer-2	beer-2	"data:image/png;base64,iVBORw0KGgoAAAANSUhEUgAAAgAAAAIACAYAAAD0eNT6AAAABHNCSVQICAgIfAhkiAAAAAlwSFlzAAAOxAAADsQBlSsOGwAAABl0RVh0U29mdHdhcmUAd3d3Lmlua3NjYXBlLm9yZ5vuPBoAACAASURBVHic7d15uB9VmeDxbxYIhISwhCXssoa9kUVZFInQimsjiqIjTKvoONpquzS2I62PjgptuyAK3fbgqGhDQ6stIAwKGHZlEWQTAkiAsCdAFiDrvf3HuZmErPf+br3n1PL9PM95Aj741ntOflX1VtWpUyBJkiRJkiRJkiRJkiRJkiRJkiRJkiRJkiRJkiRJkiRJkiRJkiRJkiRJkiRJkiRJkiRJkiRJkiRJkiRJkiRJkiRJkiRJkiRJkiRJkiRJkiRJkiRJkiRJkiRJkiRJkiRJkiRJkiRJkiRJkiRJkiRJkiRJkiRJkiRJkiRJkiRJkiRJkiRJkiRJkiRJkiRJkiRJkiRJkiRJkiRJkiRJkiRJkiRJkiRJkiRJkiRJkiRJkiRJkiRJkiRJkiRJkiRJkiRJkiRJkiRJkiRJkiRJkiRJkiRJkiRJkiRJkiRJkiRJkiRJkiRJkiRJkiRJkiRJkiRJkiRJkiRJkiRJkiRJkiRJkiRJkiRJkiRJkiRJkiRJkiRJkiRJkiRJkiRJkiRJkiTlM6J0AuqULYAdgPHABGADYNzAvwPMAxYCzwHPAw8B0wf+uS1GAluRxmFLYP2BtiEwCugn9X8hqd9Pk8ZhBrAof7ph1gO2I43DBFL/1xn4Z0h9f570m3hu4M9HgYdzJyq1lQWAImwIvBrYB5gM7AbsCmzUY7ylJ8E/AjcPtNtJJ8k62wY4YLm2M7AtsG4PsZaQToAPALewbBweqCTTOKNIv4EDSWOwH/AyYFKP8Z4HpgH3DrQ7gKtJvxFJUmZjgaOArwK/I12p9ge3BcBvgc8Ae8Z3cVA2BI4FziadrKPHoJ904jsXeC+wWXwXB2V74M"
4	beer	beer	"data:image/png;base64,iVBORw0KGgoAAAANSUhEUgAAAgAAAAIACAYAAAD0eNT6AAAABHNCSVQICAgIfAhkiAAAAAlwSFlzAAAOxAAADsQBlSsOGwAAABl0RVh0U29mdHdhcmUAd3d3Lmlua3NjYXBlLm9yZ5vuPBoAAA/wSURBVHic7d1trGVXXcfx3525LdMydmb6QFuoHVtIEBQqrWCDEUoLKcZExQR9YVIfg280DQRDfEMbE9EXSiRqfKoxVGUA41OqiEWaoDQgrSBY0UIfUYzTCW3jlM6Uztzri01jhJnr3Ll3rbXP+X8+yX677lp739z1vWefs08CAAAAAAAAAAAAAAAAAAAAAAAAAAAAAAAAAAAAAAAAAAAAAAAAAAAAAAAAAAAAAAAAAAAAAAAAAAAAAAAAAAAAAAAAAAAAAAAAAAAAAAAAAAAAAAAAAAAAAAAAAAAAAAAAAAAAAAAAAAAAAAAAAAAAAAAAAAAAAAAAAAAAAAAAAAAAAAAAAADwv1ZGTwCKOSfJp0ZPYqZeleSLoycBVayOngAUsyPJ5aMnMVP+HkFHO0ZPAADoTwAAQEECAAAKEgAAUJAAAICCBAAAFCQAAKAgAQAABQkAAChIAABAQQIAAAoSAABQkAAAgIIEAAAUJAAAoCABAAAFCQAAKEgAAEBBAgAAClodPQFgW9yS5L5OP+t5SX6m088CgKWwN8l6g+O6jmu4qtEa9ndcA5TnFgAAFCQAAKAgAQAABQkAAChIAABAQQIAAAoSAABQkAAAgIIEAAAUJAAAoCABAAAFCQAAKEgAAEBBAgAAChIAAFCQAACAggQAABQkAACgIAEAAAUJAAAoSAAAQEECAAAKEgAAUJAAAICCBAAAFCQAAKAgAQAABQkAAChIAABAQQIAAAoSAABQkAAAgIIEAAAUJAAAoCABAAAFCQAAKEgAAEBBAgAAChIAAFCQAACAggQAABQkAACgIAEAAAUJAAAoSAAAQEECAAAKEgAAUJAAAICCBAAAFC"
5	bread-1	bread-1	"data:image/png;base64,iVBORw0KGgoAAAANSUhEUgAAAgAAAAIACAYAAAD0eNT6AAAABHNCSVQICAgIfAhkiAAAAAlwSFlzAAAOxAAADsQBlSsOGwAAABl0RVh0U29mdHdhcmUAd3d3Lmlua3NjYXBlLm9yZ5vuPBoAACAASURBVHic7d13uJ5Vmajxe6eQhCIlIEkMAqETUUB6GcCxjALCoIBYUI8OKkfFUY84x+OMY0cd2zhHHHUuB7ACNmQGDlKkCSgiJVICqBhAEAiQBmn7/LH2hs1OdnZ7n7Xecv+ua12BAE+eFbLe7/nWuwpIkiRJkiRJkiRJkiRJkiRJkiRJkiRJkiRJkiRJkiRJkiRJkiRJkiRJkiRJkiRJkiRJkiRJkiRJkiRJkiRJkiRJkiRJkiRJkiRJkiRJkiRJkiRJkiRJkiRJkiRJkiRJkiRJkiRJkiRJkiRJkiRJkiRJkiRJkiRJkiRJkiRJkiRJkiRJkiRJkiRJkiRJkiRJkiRJkiRJkiRJkiRJkiRJkiRJkiRJkiRJkiRJkiRJkiRJkiRJkiRJkiRJkiRJkiRJkiRJkiRJkiRJkiRJkiRJkiRJkiRJkiRJkiRJkiRJkiRJkiRJkiRJkiRJkiRJkiRJkiRJkiRJkiRJkiRJkiRJkiRJkiRJkiRJkiRJkiRJkiRJkiRJkiRJkiRJkiRJkiRJkiRJkiRJVeopnYAab0NgOrAFsEnfz00DphbLSG30OLAUWAI82vfjEmBxyaSkJrMA0EisB8wFng/sBuwIbAtsQyoApFIeAeb3tTv6frwduBlYWTAvqfYsALQ204BDgMOAA4C98Bu9mmUxcBXwC+By4DpgRdGMpJqxAFC/jYFXA68CDiUVAVJbLAUuA74H/BhYVDQbqQYsALptAvAi4ETgGGCDsulIWTwB/Bw4GziHVBxInWMB0E2zgVOA1wMzCucilfQIcDrwZeCBwrlIUphtgC8By4Bem832VHsSOAPYBUlqkbnAWaRV0aUftDZbndsq4F"
6	bread	bread	"data:image/png;base64,iVBORw0KGgoAAAANSUhEUgAAAgAAAAIACAYAAAD0eNT6AAAABHNCSVQICAgIfAhkiAAAAAlwSFlzAAAOxAAADsQBlSsOGwAAABl0RVh0U29mdHdhcmUAd3d3Lmlua3NjYXBlLm9yZ5vuPBoAACAASURBVHic7d15uF1VmaDx92YmmEDCECQQwqSMAkFFkEkBRRRHsB2wpESQUltKLWm0tXFAtFrLlnJWLFERRGRuQBEFNQwFKCKEYp6nMCUEyJx7+o910zfATc65535r7bPPeX/Ps5+bQPjyrcXZa39n77XXAkmSJEmSJEmSJEmSJEmSJEmSJEmSJEmSJEmSJEmSJEmSJEmSJEmSJEmSJEmSJEmSJEmSJEmSJEmSJEmSJEmSJEmSJEmSJEmSJEmSJEmSJEmSJEmSJEmSJEmSJEmSJEmSJEmSJEmSJEmSJEmSJEmSJEmSJEmSJEmSJEmSJEmSJEmSJEmSJEmSJEmSJEmSJEmSJEmSJEmSJEmSJEmSJEmSJEmSJEmSJEmSJEmSJEmSJEmSJEmSJEmSJEmSJEmSJEmSJEmSJEmSJEmSJEmSJEmSJEmSJEmSJEmSJEmSJEmSJEmSJEmSJEmSJEmSJEmSJEmSJEmSJEmSJEmSJEmSJEmSJEmSJEmSJEmSJEmSJEmSJEmSJEmSJEmSJEmSJEmSJEmSJEmSJEmSJEmSJEmSJEmSJEmSJEmSJEmSJEmSJEmSJEmSJEmSJEmSJEmSJEmSJFWpr+oEpA40BjgZmB4U717gKKA/KF4zWwDfA0YFxTsH+G5QrFYcAnwoMN6ngesC40mSutSJQCPoWArsUTD3scCVgfnfAaxTMP+tgKcC8z+tYO6SpBo7EFhB3AXoE2XT56TA3BcDswrmPgH4W2D+c4C1C+YvSaqpScADxF2AriHuNnwr9iQ9ZojK//iCuQOcEJj7CmD3sulLkurqa8RdgJYDuxTMfQyx357vIH0jL2UrYFFg/j8qmLskqca2IT2vj7"
7	burger	burger	"data:image/png;base64,iVBORw0KGgoAAAANSUhEUgAAAgAAAAIACAYAAAD0eNT6AAAABHNCSVQICAgIfAhkiAAAAAlwSFlzAAAOxAAADsQBlSsOGwAAABl0RVh0U29mdHdhcmUAd3d3Lmlua3NjYXBlLm9yZ5vuPBoAACAASURBVHic7d15tF5VmaDx5+ZmBIIhCTMY5sGITDIIFK0SQC1RqxVEW7TUFltFKcuyUMtyoFeVOJRoiauaVgRRW8HGAqXEEnEEVGZkDAIiJBgQAiGEDGToP97vdi6Xe5Pv3nv23ud85/mt9a4QFx72e4Z93u+cs/cGSZIkSZIkSZIkSZIkSZIkSZIkSZIkSZIkSZIkSZIkSZIkSZIkSZIkSZIkSZIkSZIkSZIkSZIkSZIkSZIkSZIkSZIkSZIkSZIkSZIkSZIkSZIkSZIkSZIkSZIkSZIkSZIkSZIkSZIkSZIkSZIkSZIkSZIkSZIkSZIkSZIkSZIkSZIkSZIkSZIkSZIkSZIkSZIkSZIkSZIkSZIkSZIkSZIkSZIkSZIkSZIkSZIkSZIkSZIkSZIkSZIkSZIkSZIkSZIkSZIkSZIkSZIkSZIkSZIkSZIkSZIkSZIkSZIkSZIkSZIkSZIkSZIkSZIkSZIkSZIkSZIkSZIkSZIkSZIkSZIkSZIkSZIkSZIkSZIkSZIkSZIkSZIkSZIkSZIkSZIkSZIkSZIkSZIkSZIkSZIkSZIkSZIkSZIkSZIkSZIkSZIkSZIkSZIkSZIkSZIkSZIkSZIkSZIkpdVXugGSkpgOzAZmApOBTTv/+6advwPM6Pz5eOfPVcCyzj8v6/x9MfAIsDRxeyVlZgEgNcsWwE6d2Lnz5/bArCExedj/99itAh4dFI8AC4H7BsUfWF9MSKo5CwCpfiYAuwAv6MQ+nb/vDDynYLu68ThRDNwD3NKJm4F7gXXlmiVpKAsAqayJwL7AocTNfl9gLrBZyUYl8CRwK/A7oiD4TefPNSUbJbWZBYCU12bAfsDhwBGdmL"
8	candy	candy	"data:image/png;base64,iVBORw0KGgoAAAANSUhEUgAAAgAAAAIACAYAAAD0eNT6AAAABHNCSVQICAgIfAhkiAAAAAlwSFlzAAAOxAAADsQBlSsOGwAAABl0RVh0U29mdHdhcmUAd3d3Lmlua3NjYXBlLm9yZ5vuPBoAACAASURBVHic7d15lGVFfcDxb/fMMMPizDDsyKay44KiCAqigICIsgmaxBBN1KBGFJVFNCpxiQguqFHQeEANjiCIENFITKIowqBsKosIsq/DMszC7NP5o7q1wZ7u97rvr+rde7+fc36Hw1HerV+9PvdXr27dKpAkSZIkSZIkSZIkSZIkSZIkSZIkSZIkSZIkSZIkSZIkSZIkSZIkSZIkSZIkSZIkSZIkSZIkSZIkSZIkSZIkSZIkSZIkSZIkSZIkSZIkSZIkSZIkSZIkSZIkSZIkSZIkSZIkSZIkSZIkSZIkSZIkSZIkSZIkSZIkSZIkSZIkSZIkSZIkSZIkSZIkSZIkSZIkSZIkSZIkSZIkSZIkSZIkSZIkSZIkSZIkSZIkSZIkSZIkSZIkSZIkSZIkSZIkSZIkSZIkSZIkSZIkSZIkSZIkSZIkSZIkSZIkSZIkSZIkSZIkSZIkSZIkSZIkSZIkSZIkSZJUmb7SDVDrrQXsBuwIrA1MBx4DHgDuAOYAy0s1TpIkVeulwHeBJ4CBUeIx4BxgnzLNlCRJVdgCuIjRi/7q4r+A5+VvsiRJmojXAQsYX/EfimXAP+ZuuCRJ6l4f8DFgFRMr/sPjC0B/ziQkSVJ3PkV1hX94fCVnEpIkqXOfIab4D8UJ+VKRJEmdeBexxX8AWAkckCshSZI0uleS3t+PHgAMAI8AW+ZJS5Ikrc5WpPf3cxT/ofg5MClDbpIkaQT9wE/JW/yH4vj49CRJ0kg+QJniPwAsAZ4Tn6IkSRpuZ2Ap5QYAA8CvgMnRiUqSpKQf+CVli/9QvCc4V0mSNOitlC/8QzEfeHpsupIkaRbwEOUL//A4LzRjSZLEGZQv+C"
9	cheese	cheese	"data:image/png;base64,iVBORw0KGgoAAAANSUhEUgAAAgAAAAIACAYAAAD0eNT6AAAABHNCSVQICAgIfAhkiAAAAAlwSFlzAAAOxAAADsQBlSsOGwAAABl0RVh0U29mdHdhcmUAd3d3Lmlua3NjYXBlLm9yZ5vuPBoAACAASURBVHic7d13uF1VnfDxbwokpNAJJZSAELo0UapUFRBQFFREiG2UGecdBl5GBMFB52WEeZURHByYEaUoalBAig5FFDUgvUkLRZoQaoD0kOTOH7/cJ+GSW865e+2199nfz/P8Hnwec/f5rXXO2WudtVcBSZIkSZIkSZIkSZIkSZIkSZIkSZIkSZIkSZIkSZIkSZIkSZIkSZIkSZIkSZIkSZIkSZIkSZIkSZIkSZIkSZIkSZIkSZIkSZIkSZIkSZIkSZIkSZIkSZIkSZIkSZIkSZIkSZIkSZIkSZIkSZIkSZIkSZIkSZIkSZIkSZIkSZIkSZIkSZIkSZIkSZIkSZIkSZIkSZIkSZIkSZIkSZIkSZIkSZIkSZIkSZIkSZIkSZIkSZIkSZIkSZIkSZIkSZIkSZIkSZIkSZIkSZIkSZIkSZIkSZIkSZIkSZIkSZIkSZIkSZIkSZIkSZIkSZIkSZIkSZIkSZIkSZIkSZIkSZIkSZIkSZIkSZIkSZIkSZIkSZIkSZIkSZIkSZIkSZIkSZIkSZIkSZIkSZIkSZIkSZIkSZIkSZIkSZIkSZIkSZIkSZIkSZIkSZIkSZIkSZIkSZIkSZIkSZIkSZIkSZIkSZIkSZIkSZIkSZIkSZIkSZIkSZIkSZIkSZIkSZIkSZIkSZIkSZIkSZIkSZIkSZIkSZIkSZIkSZIkSZIkSZIkSZIkSZLUIENyJyBJFTISeB/wIeBgYA1gLjBn8f8/A5gHvAK8DLwKTAOeXBxPAY8B80vMWWqLHQBJTbcycABwCLAfMGaQ11sATAXuB+4FbgduJToPkiQpo3WAo4FriV/rXYljAXAXcDZwEDA6fRElSRLAROAE4B"
10	chef-hat	chef-hat	"data:image/png;base64,iVBORw0KGgoAAAANSUhEUgAAAgAAAAIACAYAAAD0eNT6AAAABHNCSVQICAgIfAhkiAAAAAlwSFlzAAAOxAAADsQBlSsOGwAAABl0RVh0U29mdHdhcmUAd3d3Lmlua3NjYXBlLm9yZ5vuPBoAACAASURBVHic7d15uF9Fffjx901u9oWQhCA7ARRlB3EDFxQVN6y2KsVaW7Vqa2v9aVvt01altrV2sf1pW6v+rG21e7X+EIUiYl3Ahc2wBpQlEEDIgiEEsuf2j7mRkHuT3Nx7PjNzznm/nmceXMJkPt/vnDmf75w5MyBJkiRJkiRJkiRJkiRJkiRJkiRJkiRJkiRJkiRJkiRJkiRJkiRJkiRJkiRJkiRJkiRJkiRJkiRJkiRJkiRJkiRJkiRJkiRJkiRJkiRJkiRJkiRJkiRJkiRJkiRJkiRJkiRJkiRJkiRJkiRJkiRJkiRJkiRJkiRJkiRJkiRJkiRJkiRJkiRJkiRJkiRJkiRJkiRJkiRJkiRJkiRJkiRJkiRJkiRJkiRJkiRJkiRJkiRJkiRJkiRJkiRJkiRJkiRJkiRJkiRJkiRJkiRJkiRJkiRJkiRJkiRJkiRJkiRJkiRJkiRJkiRJkiRJkiQpk4HSDZDUuEXA44CFwL47lUnDf2afHf7zNuDBHf7zj3cqq4D7gBUZ2i4pExMAqX2mAkcBTwSOBp4AHAkcCBwMTAv6ezcA9wyX24FbhsvNwG3ApqC/V1IAEwCpbjOAk4AnA6cM//MYYLBko0axBbgJuHq4XAMsAdaXbJSkXTMBkOoyC3gG8EzgdOBZxP2ij7YFuBa4HLgMuARYU7RFkn7CBEAq7wjgbOBlwLNJU/xdtJU0K/Al4ALSLMFQ0RZJkpTRJNIv/I8Cd5Jugn0sy4CPkGY6/DEiSeqspwB/ASyn/M23tnIX8OHhz0iSpNbbF3gL8H3K32TbUm4C3kN6nVGSpFZ5NvCfwEbK31DbWjYC/056XCJJUrWmAq8GvkP5m2"
11	chicken-leg	chicken-leg	"data:image/png;base64,iVBORw0KGgoAAAANSUhEUgAAAgAAAAIACAYAAAD0eNT6AAAABHNCSVQICAgIfAhkiAAAAAlwSFlzAAAOxAAADsQBlSsOGwAAABl0RVh0U29mdHdhcmUAd3d3Lmlua3NjYXBlLm9yZ5vuPBoAACAASURBVHic7d15uB5Fnejx78mekASIEMIW9k3ZBB0FUdkFF3RU3FiuyxUVFxR1GK/joI4jOI4zg94ZAXVEcMFlVESBQZZRkR1lB4EgIMgWgYRAEpKcc/+ocy6HkJyc8779q+q3+/t5nnrgcalTv+5+q37dXV0FkiRJkiRJkiRJkiRJkiRJkiRJkiRJkiRJkiRJkiRJkiRJkiRJkiRJkiRJkiRJkiRJkiRJkiRJkiRJkiRJkiRJkiRJkiRJkiRJkiRJkiRJkiRJkiRJkiRJkiRJkiRJkiRJkiRJkiRJkiRJkiRJkiRJkiRJkiRJkiRJkiRJkiRJkiRJkiRJkiRJkiRJkiRJkiRJkiRJkiRJkiRJkiRJkiRJkiRJkiRJktTb+ko3QFK4PmA2MB1YZ/A/WxsYN/jv/cCCwX9/FHgCeAgYyNhGSZmZAEi9rw+YC2wHbD9Y5gIbAnNIg/+EMda5nJQEPADcD9wN3Ar8YbDcgwmC1NNMAKTeszXwIuCvBv+5EzAtcxueBK4HrgSuGCzzMrdBUhdMAKT62xo4EDgA2AtYr2xzVms+cAlwPvBL4I6yzZEkqbdMAQ4BTgHuJD1q78UyDzgZeA0wudIjJElSQ0whDZSnkybklR68qy5PAGcDRwJrVXTMJEnqSX3A3sAZwOOUH6RzlYWkROfl+BpSktQiGwLHAbdTfjAuXe4BTgQ26+qISpJUYy8DfkL6xK70wFu3sgz4MWmSoyRJPW8c6d3+pZQfZHulXEOaKzCxg+MtSVJRU4FjSAvolB5Qe7XcPXgMp4zx2EuSlN0k4CjgXsoPoE0pD5LmTEwdw3mQJCmLycAHcOCPLH8C3k9KsiRJKu41pF"
12	chips	chips	"data:image/png;base64,iVBORw0KGgoAAAANSUhEUgAAAgAAAAIACAYAAAD0eNT6AAAABHNCSVQICAgIfAhkiAAAAAlwSFlzAAAOxAAADsQBlSsOGwAAABl0RVh0U29mdHdhcmUAd3d3Lmlua3NjYXBlLm9yZ5vuPBoAACAASURBVHic7d17uF9Vfefx90lObkACISE3bgEBxYJyF5BqVbRVBNGZdpxerB2tOj5W23HasV4ebbV15hnq1FKnUzreZx6dxxsCagVKRRQkXsq1XJVbbiThHkJCLmf+WL+TnJycnJzfOfu71957vV/Psx8IJN+z1jlZe39+a6+9NkiSJEmSJEmSJEmSJEmSJEmSJEmSJEmSJEmSJEmSJEmSJEmSJEmSJEmSJEmSJEmSJEmSJEmSJEmSJEmSJEmSJEmSJEmSJEmSJEmSJEmSJEmSJEmSJEmSJEmSJEmSJEmSJEmSJEmSJEmSJEmSJEmSJEmSJEmSJEmSJEmSJEmSJEmSJEmSJEmSJEmSJEmSJEmSJEmSJEmSJEmSJEmSJEmSJEmSJEmSJEmSJEmSJEmSJEmSJEmSJEmSJEmSJEmSJEmSJEmSJEmSJEmSJEmSJEmSJEmSJEmSJEmSJEmSJEmSJEmSJEmSJEmSJEmSJEmSJEmSJEmSJEmSJEmSJEmSJEmSJEmSJEmSJEmSJEmSJEmSJEmSJEmSJEmSJEmSJEmSJEmSJEmSJEmSJEmSJEn9GcjdAGU1G3hP7kZIyuYTwNbcjVAeBgD9K3B87kZIqt3NwEm5G6F8puVugLK7LHcDJGXxzdwNUF4GABkApDJdnrsBystbAJoGrAKW5G6IpNqsBg4DhnI3RPk4A6AdwLdyN0JSrS7Di3/xDAACbwNIpXHMy1sAAmAOsB7YP3dDJIXbCBwCbM7dEOXlDIAAngGuzt0ISbX4Ll78hQFAuzglKJXB1f8CvAWgXRaRVgZPz90QSWG2k5742ZC7IcrPGQANWwfcmLsRkkL9EC/+6jEAaCR3BpO6ze"
13	chocolate	chocolate	"data:image/png;base64,iVBORw0KGgoAAAANSUhEUgAAAgAAAAIACAYAAAD0eNT6AAAABHNCSVQICAgIfAhkiAAAAAlwSFlzAAAOxAAADsQBlSsOGwAAABl0RVh0U29mdHdhcmUAd3d3Lmlua3NjYXBlLm9yZ5vuPBoAABTVSURBVHic7d1psCVnWQfw/2wZkmFCQvZAkiGQDJBkICYURMNiwAIRjFqUoiyWpVAlX/hgUVAFKCru7BQCEhRByxJc0IhaIgFJQJaESHbIMgGySEAgExKSkOT6oe+pzNy5c+fce7r77dPv71f11k1NZd7zPN13+v336dN9EgAAAAAAAAAAAAAAAAAAAAAAAAAAAAAAAAAAAAAAAAAAAAAAAAAAAAAAAAAAAAAAAAAAAAAAAAAAAAAAAAAAAAAAAAAAAAAAAAAAAAAAAAAAAAAAAAAAAAAAAAAAAAAAAAAAAAAAAAAAAAAAAAAAAAAAAAAAAAAAAAAAAAAAAAAAAAAAAAAAAAAAAAAAAAAAAAAAAAAAAAAAAAAAAAAAAAAAAAAAAAAAAAAAAAAAAAAAAAAAAAAAAAAAAAAAAAAAAAAAAAAAAAAAAAAAAMi60gVASx6W5LGL49FJDk6yZfHPYa1uT3Jnkl1JrktyzeLYVbIoaIMAwLxan+TpSZ6b5JwkT1z8M+ja/UkuTXJBko8luTDJQtGKYA0EAObNI5L8epKXJDm+cC2QJDcm+VCSdye5tWwpAOOzLcl7k9yd5mzLMIY2fpDkXUmOCwAz25TklUm+n/IHeMOYZtyV5A1JNgeANTk9zQeuSh/QDWMt48okOwLAqrwi3u435n/cleRlAWC/1iV5c8ofuA2jzfH2uEuFgdlQugDYzaY0n6Z+eelCoGVPTvN8ivOTPFC4FkgiADAc65K8L83tfTBGO5KcmOSjpQuBRABgON6U5ro/jNmONHcHfKJ0ISAAMAS/kOQtpYuAnpyd5Nokl5cuhLp5EiClPSbJJWme3Q+1uCPJk5J8pXQh1M"
14	clam	clam	"data:image/png;base64,iVBORw0KGgoAAAANSUhEUgAAAgAAAAIACAYAAAD0eNT6AAAABHNCSVQICAgIfAhkiAAAAAlwSFlzAAAOxAAADsQBlSsOGwAAABl0RVh0U29mdHdhcmUAd3d3Lmlua3NjYXBlLm9yZ5vuPBoAACAASURBVHic7d13tCVVmbDx5zYdiN0NNDk1jQTJyQAi2VFEwKxjQBR1lPED02Aa8zjgGEYHdBATOICKiqKYFRgVFAEJSpA85KA0TehuOtz+/th99Xrs2/eec+rdu6rO81trL1zgqnrffav22VW1A0iSJEmSJEmSJEmSJEmSJEmSJEmSJEmSJEmSJEmSJEmSJEmSJEmSJEmSJEmSJEmSJEmSJEmSJEmSJEmSJEmSJEmSJEmSJEmSJEmSJEmSJEmSJEmSJEmSJEmSJEmSJEmSJEmSJEmSJEmSJEmSJEmSJEmSJEmSJEmSJEmSJEmSJEmSJEmSJEmSJEmSJEmSJEmSJEmSJEmSJEmSJEmSJEmSJEmSJEmSJEmSJEmSJEmSJEmSJEmSJEmSJEmSJEmSJEmSJEmSJEmSJEmSJEmSJEmSJEmSJEmSJEmSJEmSJEmSJEmSJEmSJEmSJEmSJEmSJEmSJEmSJEmSJEmSJEmSJEmSJEmSJEmSJEmSJEmSJEmSJEmSJEmSJEmSJEmSJEmSJEmSJEmSJEmSJEmSJEmSJEmSJEmSJEmSJEmSJEmSJEmSJEmSJEmSJEmSJEmSJEmSJKmkodIBSMpmErARsCowE1ht+f8GWAAsBOYu/+c9wLICMUrKxA6A1D6rADsCey//55bAHGA2MG2Cx1gI3ArcsrxcDfwauA4YrjZcSSXYAZDaYTfgCGBf4EnAmkHnmQdcAvwvcC5wTdB5JEnSGJ4GfJL0pL6sUPkj8FFgz+BcJUkaaNOB1wNXUe5Hf6xy+fLYot4+SJI0cDYH/ht4lPI/9OOVh0hvJjYIqQlJkgbAesCJpFH6pX/Yuy2PAZ/GjoAkSRO2GvAR0o"
15	cocktail	cocktail	"data:image/png;base64,iVBORw0KGgoAAAANSUhEUgAAAgAAAAIACAYAAAD0eNT6AAAABHNCSVQICAgIfAhkiAAAAAlwSFlzAAAOxAAADsQBlSsOGwAAABl0RVh0U29mdHdhcmUAd3d3Lmlua3NjYXBlLm9yZ5vuPBoAAB1jSURBVHic7d15tGVVfSfwbxVVUEVBlSgyCAQEBRRRHMC5NTjFoY1R45BWgbRtT6uDrtityUon3em2XavtYCvG1tjoLQZRjMaZGCJqq0jCwgkFQUREEVGmYiqKGl7/cV6FR1nDfe/d3zn33vP5rLVXIavc9/fb9/H275y9zz4JAAAAAAAAAAAAAAAAAAAAAAAAAAAAAAAAAAAAAAAAAAAAAAAAAAAAAAAAAAAAAAAAAAAAAAAAAAAAAAAAAAAAAAAAAAAAAAAAAAAAAAAAAAAAAAAAAAAAAAAAAAAAAAAAAAAAAAAAAAAAAAAAAAAAAAAAAAAAAAAAAAAAAAAAAAAAAAAAAAAAAAAAAAAAAAAAAAAAAAAAAAAAAAAAAAAAAAAAAAAAAAAAcD9Lug4AxtA+SY5McnSSo5IckmRVkr2TrJn95xWzf/fOJOuT3DH7z9cnuWa2/Wj2z7tajB1gKAoA+m55khOSnJjkGUmOTbLfCPvfkuSKJN9IctHsn1cmmRnhZwAAQzg0yZuTnJ/myn2m5faLJO9L8tw0BQgAUGR1klOSfCnJ5rQ/6e+o3ZJkbZo7EO7IAcCIPCHJ2WnW4bue7HfVLk/y79MUKwDAAjw9zS3+rif1hbTbk7wzo92LAABT7dlJvpLuJ/FRtDuS/PckDxjpCAHAFDk0ySfT/aRd0W5O8h9jwyAA/JPlSU5NN7v5227fTfLE0QwbAEyup6bZONf1xNxm25Rmf8CqEYwfAEyUJUnemmRjup+Qu2o/THLcYgcSACbFvkk+l+4n4HFo69MsfwDAVHtakp+l+4l33NraJHsuYlwBYGy9JM0Vb9eT7bi2f0zy4AWPLgCMoVPS7/"
16	cocktails	cocktails	"data:image/png;base64,iVBORw0KGgoAAAANSUhEUgAAAgAAAAIACAYAAAD0eNT6AAAABHNCSVQICAgIfAhkiAAAAAlwSFlzAAAOxAAADsQBlSsOGwAAABl0RVh0U29mdHdhcmUAd3d3Lmlua3NjYXBlLm9yZ5vuPBoAACAASURBVHic7d15tCVVfS/wbzfdMsqkMqiIKIqKoCCI4oiBRFGjojg8faDRYPT5jHlOifMcNcZ5eomzxhiHqAERFMUpomFyAFQUlUEQBUGgoYXuvvlj315pmx5u31u7qs7Zn89av7UigX1rV51T9T1Vu/ZOAAAAAAAAAAAAAAAAAAAAAAAAAAAAAAAAAAAAAAAAAAAAAAAAAAAAAAAAAAAAAAAAAAAAAAAAAAAAAAAAAAAAAAAAAAAAAAAAAAAAAAAAAAAAAAAAAAAAAAAAAAAAAAAAAAAAAAAAAAAAAAAAAAAAAAAAAAAAAAAAAAAAAAAAAAAAAAAAAAAAAAAAAAAAAAAAAAAAAAAAAAAAAAAAAAAAAAAAAAAAAAAAAACgdYuG3oAp8RdJHjz0RjARHp9k1dAbAbBk6A2YEndPcuTQG8FEeMLQGwCQJIuH3gAAoH8CAAA0SAAAgAYJAADQIAEAABokAABAgwQAAGiQAAAADRIAAKBBAgAANEgAAIAGCQAA0CABAAAaJAAAQIMEAABokAAAAA0SAACgQQIAADRIAACABi0ZegNYr98m+drQG9GwWya5z9AbAVCLADBeZyd57NAb0bBHRAAApphHAADQIAEAABokAABAgwQAAGiQAAAADRIAAKBBAgAANEgAAIAGCQAA0CABAAAaJAAAQIMEAABokAAAAA2yGiBMr92S7DX0RkAFFyb5ydAbMekEAJhej0rytqE3Aip4R5JnD70Rk84jAABokAAAAA0SAACgQQIAADRIAACABgkAANAgAQAAGiQAAECDBAAAaJAAAAANEgAAoEECAAA0SAAAgAYJAADQIAEAABokAABAgwQAAGiQAA"
17	coffee-cup-1	coffee-cup-1	"data:image/png;base64,iVBORw0KGgoAAAANSUhEUgAAAgAAAAIACAYAAAD0eNT6AAAABHNCSVQICAgIfAhkiAAAAAlwSFlzAAAOxAAADsQBlSsOGwAAABl0RVh0U29mdHdhcmUAd3d3Lmlua3NjYXBlLm9yZ5vuPBoAABffSURBVHic7d1rzGVXWQfw/9x6n3Y6LSpEKVJoqFBbBILKtRcQYwTUqGCM0USNFxI/qfGbMZiYaLzwTaNogERjDMQbGCkURIN4xdZSWu5XFdrp9DK9zc0P+22YTt955z3n3c/ee+39+yU782med62cc/b5n7XWXisBAAAAAAAAAAAAAAAAAAAAAAAAAAAAAAAAAAAAAAAAAAAAAAAAAAAAAAAAAAAAAAAAAAAAAAAAAAAAAAAAAAAAAAAAAAAAAAAAAAAAAAAAAAAAAAAAAAAAAAAAAAAAAAAAAAAAAAAAAAAAAAAAAAAAAAAAAAAAAAAAAAAAAAAAAAAAAAAAAAAAAAAAAAAAAAAAAAAAABqwa+wGwIScl+Q7k9yY5Jokrx23OQBAhd1Jnpvkp5P8eZL7k5w85bpqvKYBAH16Zr72hX93nviFf/r1syO1EQDYoack+cEkv5/k09n6C//06y9GaC8AsIYLktyU5DeS/FuSE1ntS//U694ke4ZtPgCwip9J8qEkj2X9L/zNrhcN2QmAoeweuwHQk2uSvDTJvp7r3thzPYBJEACYi/cV1RUAAGDCDiQ5ln6H/08meTjJ+QP2A2AQRgCYi8NJ/qOg7uObAwHMigDAnNxcVNc0ADA7AgBzUrUO4KaiugBAD85L8lD6XwdwLMnBAfsBUM4IAHPySJJ/Kqi7J8krC+oCjEYAYG48DggAC/TC9D8FcDLJx4fsBACwmj1J7klNCLhiwH4AlDIFwNwcT3JLUe0biuoCDE4AYI6sAwCABboqNVMA/5tk14D9AABW9JnUhIDnDdkJgCqmAJirqnUApgGAWRAAmCvrAABggb4+yYn0PwVwf5J9A/"
18	coffee-cup	coffee-cup	"data:image/png;base64,iVBORw0KGgoAAAANSUhEUgAAAgAAAAIACAYAAAD0eNT6AAAABHNCSVQICAgIfAhkiAAAAAlwSFlzAAAOxAAADsQBlSsOGwAAABl0RVh0U29mdHdhcmUAd3d3Lmlua3NjYXBlLm9yZ5vuPBoAABx1SURBVHic7d15tCZlfSfw7+1uuhtoQEQUZBEVBWVR1IyiCaMiRhQ1UYOiRiNmNDmaOMFEHbNMNDoqZkwwiUsSPca4S4waFxwXJA5xxR1tFmlFQPa9oWmWd/4o+gQZ7Htv9/M8VXXr8zmnDv9wfu/3qVtdz++tt+qpBAAAAAAAAAAAAAAAAAAAAAAAAAAAAAAAAAAAAAAAAAAAAAAAAAAAAAAAAAAAAAAAAAAAAAAAAAAAAAAAAAAAAAAAAAAAAAAAAAAAAAAAAAAAAAAAAAAAAAAAAAAAAAAAAAAAAAAAAAAAAAAAAAAAAAAAAAAAAAAAAAAAAAAAAAAAAAAAAAAAAAAAAAAAAAAAAAAAAAAAAAAAAAAAAAAAAAAAAAAAAAAAAAAAAAAAAAAAAAAAAAAAAAAAAAAAAAAAAAAAAAAAAAAAAABub67vALAAj0xyTMF6b0nynYL15vPiJAcVqnVDklckua5QvfmsTvL6JNsWqrc2yV8VqgXAEna3JD9LMiu0fTJtG9+jktxSMP+LG2ZPkrcVzH59kge2jQ/AGC1L8rmUm4B+muQuDfPvleTSgvk/3DB7khxdMPssyfPbxgdgrP4oZSegIxpmn0vyhYLZL0qyc8P8uyW5smD+jzfMDsCI7ZnkmpSbgD7YNn6eWTD7LMlvNU2fvKdQ7lm6+xXu1TY+AGP1wZSbgK5J11C0skOSCwrmPzVt71s4LGXvW/izhtkBGLGDU3YCemPb+HlFweyzJIe3jZ9TCma/LF1DBADzem/KTUAb092M18qqlP32/7WG2ZPkoQWzz5K8qm18AMZqryQ3ptwE9K6m6bs73UtOoE9vGz//UjD7DUl2bRsfgL"
19	crab	crab	"data:image/png;base64,iVBORw0KGgoAAAANSUhEUgAAAgAAAAIACAYAAAD0eNT6AAAABHNCSVQICAgIfAhkiAAAAAlwSFlzAAAOxAAADsQBlSsOGwAAABl0RVh0U29mdHdhcmUAd3d3Lmlua3NjYXBlLm9yZ5vuPBoAACAASURBVHic7d13vF5FnfjxTy4hJHSk9yYqIiAiIIpS7QUb7toVUcSy7NrLT1eXVdB1LYsNxd5RVxQVEVCkKlVRsIEUaQFDCyQkIff+/pjc5RJuecp8Z855ns/79fq+su6uc2fmmTNnzjlTQJIkSZIkSZIkSZIkSZIkSZIkSZIkSZIkSZIkSZIkSZIkSZIkSZIkSZIkSZIkSZIkSZIkSZIkSZIkSZIkSZIkSZIkSZIkSZIkSZIkSZIkSZIkSZIkSZIkSZIkSZIkSZIkSZIkSZIkSZIkSZIkSZIkSZIkSZIkSZIkSZIkSZIkSZIkSZIkSZIkSZIkSZIkSZIkSZIkSZIkSZIkSZIkSZIkSZIkSZIkSZIkSZIkSZIkSZIkSZIkSZIkSZIkSZIkSZIkSZIkSZIkSZIkSZIkSZIkSZIkSZIkSZIkSZIkSZIkSZIkSZIkSZIkSZIkSZIkSZIkSZIkSZIkSZIkSZIkSZIkSZIkSZIkSZIkSZIkSZIkSZIkSZIkSZIkSZIkSZIkSZIkSZIkSZIkSZIkSZIkSZIkSZIkSZIkSdJLgC1qZ0KSlN2WwItrZ0LNdREwBlwJHAccAqxVNUeSpF7MAw4CjgEuBEaBX1fNkRrtc6QBwMRYBpwNvB3YHZhVLXeSpOlsBxwJnAos5oH9+afqZU1NdzgPbDArx83ACcBrgM3rZFOSBGxIelN7HPB3Zu6/D62TTbXBo5m5Aa0cVwKfIL1qWq18liVpaMwG9uG+1/rL6a6/3rV8ltUWqwFL6H4QMB53AScCrwY2K5x3SRpEW5DeuP4QuJve++fFwKqF866WuZjeG9jKcRlppLoPMFKyEJLUUiOk+VZvJ82/Gi"
20	cupcake	cupcake	"data:image/png;base64,iVBORw0KGgoAAAANSUhEUgAAAgAAAAIACAYAAAD0eNT6AAAABHNCSVQICAgIfAhkiAAAAAlwSFlzAAAOxAAADsQBlSsOGwAAABl0RVh0U29mdHdhcmUAd3d3Lmlua3NjYXBlLm9yZ5vuPBoAACAASURBVHic7d13uGZVfejx71QGpgPDwNB96FWKgl57R4y9YANvoghqEpPotTxGiblPbDfxYnJTzRUTC4mJlStiQ0EUhQFBOgg4tIFhClMYmHbuH+tMPHPmlLfs31p77/f7eZ71jODwO2u95917/fZaa68FkiRJkiRJkiRJkiRJkiRJkiRJkiRJkiRJkiRJkiRJkiRJkiRJkiRJkiRJkiRJkiRJkiRJkiRJkiRJkiRJkiRJkiRJkiRJkiRJkiRJkiRJkiRJkiRJkiRJkiRJkiRJkiRJkiRJkiRJkiRJkiRJkiRJkiRJkiRJkiRJkiRJkiRJkiRJkiRJkiRJkiRJkiRJkiRJkiRJkiRJkiRJkiRJkiRJkiRJkiRJkiRJkiRJkiRJkiRJkiRJkiRJkiRJkiRJkiRJkiRJkiRJkiRJkiRJkiRJDXY+MFRxuTRrC6QCppaugCT1abeAmBsCYkq1YgIgqenmBcQ0AVDrmQBIarr9AmKaAKj1TAAkNd2BATHXB8SUasUEQFKT7QHsGxD33oCYUq2YAEhqspOD4t4dFFeqDRMASU32nKC4dwXFlSRJFfgV1e8BMATslbMRkiSpc6cQ0/k/mLMRUilOAUhqqt8LivuzoLhSrZgASGqiOcAZQbF/HhRXqhUTAElN9MfA3KDYVwbFlSRJfdgHWEfM/P+jxJwtIEmS+vRZYjr/IeAbGdshSZI6dBawlbgEIGphoSRJ6tEZwBbiOv+twN7ZWiNJkiYV3fkPARdna40kSZpUjs5/CHhprgZJkqSJ5er87wGmZWqTJEmawJnELvgbWT6UqU2SJGU3E5hXuhIdytn5rwLm52mWVB/TS1dAUiX2AI4GDg"
21	cutlery-1	cutlery-1	"data:image/png;base64,iVBORw0KGgoAAAANSUhEUgAAAgAAAAIACAYAAAD0eNT6AAAABHNCSVQICAgIfAhkiAAAAAlwSFlzAAAOxAAADsQBlSsOGwAAABl0RVh0U29mdHdhcmUAd3d3Lmlua3NjYXBlLm9yZ5vuPBoAACAASURBVHic7d13tCVFubDx58zAwMyQcwZJkiQJShAFQa8IKoLpCnjNcr1eUQwYrl5FzOg1J9QPFRUFRQEDIkFAECUogkSBIQ95YAYGGOZ8f9TZcDiesEPXW717P7+13qXL5TpTb3fvrurq6rdAkiRJkiRJkiRJkiRJkiRJkiRJkiRJkiRJkiRJkiRJkiRJkiRJkiRJkiRJkiRJkiRJkiRJkiRJkiRJkiRJkiRJkiRJkiRJkiRJkiRJkiRJkiRJkiRJkiRJkiRJkiRJkiRJkiRJkiRJkiRJkiRJkiRJkiRJkiRJkiRJkiRJkiRJkiRJkiRJkiRJkiRJkiRJkiRJkiRJkiRJkiRJkiRJkiRJkiRJkiRJkiRJkiRJkiRJkiRJkiRJkiRJkiRJkiRJkiRJkiRJkiRJkiRJkiRJkiRJkiRJkiRJkiRJkiRJkiRJkiRJkiRJkiRJkiRJkiRJktQ0ywAnAtuWbogkSYoxGzgTGAbuBXYo2xxJkpTb6M6/FQ4CJElqsPE6fwcBkiQ12GSdv4MASZIaqJ3O30GAJEkN0knn7yBAkqQG6KbzdxAgSVIf66XzdxAgSVIfqqLzdxAgSVIfqbLzdxAgSVIfyNH5OwiQJKnGcnb+DgIkSaqhiM7fQYAkSTUS2fk7CJAkqQZKdP4OAiRJKqhk5+8gQJKkAurQ+TsIkCQpUJ06fwcBkiQFqGPn7yBAkqSM6tz5OwiQJCmDfuj8HQRIklShfur8HQRIklSBfuz8HQRIktSDfu78HQRIktSFJnT+DgIkSerAMsDZlO+4q4y7gG2rPEhSH5gFrAgsXbohqqeh0g1QrSwD/BrYrXRDMrgb2Av4a+mGSF1aFt"
22	cutlery	cutlery	"data:image/png;base64,iVBORw0KGgoAAAANSUhEUgAAAgAAAAIACAYAAAD0eNT6AAAABHNCSVQICAgIfAhkiAAAAAlwSFlzAAAOxAAADsQBlSsOGwAAABl0RVh0U29mdHdhcmUAd3d3Lmlua3NjYXBlLm9yZ5vuPBoAACAASURBVHic7d15vG9VXf/x1x3hwuWCDAIOCEJKCiiiYCBTGGJGUpppmDZAZGopWfZTUpw1syTzZ44VmSnSYKChokkpyKQoggqWoIiIyHjhwp1Of6x7H3c695zz/X73Z6211349H4/90PKetYfvHt57rbXXAkmSJEmSJEmSJEmSJEmSJEmSJEmSJEmSJEmSJEmSJEmSJEmSJEmSJEmSJEmSJEmSJEmSJEmSJEmSJEmSJEmSJEmSJEmSJEmSJEmSJEmSJEmSJEmSJEmSJEmSJEmSJEmSJEmSJEmSJEmSJEmSJEmSJEmSJEmSJEmSJEmSJEmSJEmSJEmSJEmSJEmSJEmSJEmSJEmSJEmSJEmSJEmSJEmSJEmSJEmSJEmSJEmSJEmSJEmSJEmSJEmSJEmSJEmSJEmSJEmSJEmSJEmSJEmSJEmSJEmSJEmSJEmSJEmSJEmSJEmSJEmSJEmSJEmSJEmSJEmSJEmSJEmSJEmSJEmSJEmSJEmSJEmSJEmSJEmSJEmSJEmSJEmSJEmSJEmSJEmSJEmSJEmSJEmSJEmSJEmSJEmSJGlz80pvgMLtCuwH7A08GNht3bIQWLbRv1sJ3LtuuRX4EXAL8B3gBmBVrg1uyA7AYaU3Qp34FnBT6Y2QumQAaMt+wJOBJ65bHgM8qINyV5FCwFeAK4DLgcuAFR2U3bKDScdM/fd7wHtKb8SIlgHHA8eS7gU7A0tJ1/PdwF3AjcDXga+tW+4ssqWSRrYMeC7wIdKFPJVxWQF8DngVcFD0jvbUweT9TVzilhfRH0uBN5Me5qPu57XAO4BjgPmZt1vSLJYCvwGcD9xP+Rvj+uU64C3AAWF73j8GgHaWvgSAJw"
23	dish-1	dish-1	"data:image/png;base64,iVBORw0KGgoAAAANSUhEUgAAAgAAAAIACAYAAAD0eNT6AAAABHNCSVQICAgIfAhkiAAAAAlwSFlzAAAOxAAADsQBlSsOGwAAABl0RVh0U29mdHdhcmUAd3d3Lmlua3NjYXBlLm9yZ5vuPBoAACAASURBVHic7d13vCdVff/x190OSxERKUoXJBTRKATFAAo2TIwiKnaCHY3Gnz0/fdgN5mfDRCzEEMUfltgSNQZEUFGUpihSLSCgCKzAAruw9Zs/DquXyy3f9jlnzszr+XjMI7i7OXNmzr1z3nPmzBmQJEmSJEmSJEmSJEmSJEmSJEmSJEmSJEmSJEmSJEmSJEmSJEmSJEmSJEmSJEmSJEmSJEmSJEmSJEmSJEmSJEmSJEmSJEmSJEmSJEmSJEmSJEmSJEmSJEmSJEmSJEmSJEmSJEmSJEmSJEmSJEmSJEmSJEmSJEmSJEmSJEmSJEmSJEmSJEmSJEmSJEmSJEmSJEmSJEmSJEmSJEmSJEmSJEmSJEmSJEmSJEmSJEmSJEmSJEmSJEmSJEmSJEmSJEmSJEmSJEmSJEmSJEmSJEmSJEmSJEmSJEmSJEmSJEmSJEmSVIGJ0hWQMtkR2AvYDXgAcH9gK+A+wNK7tg3WAbcCy4HfA8uAXwG/AK4Afg7cmaviDfVMYN/SldC03oY/n+qDAUBttAB4GPBo4JF3/fdWYyx/DSkEnAOcCZxBCgldcgopBKh57kUKr5LUCRsDTyV1TLcAvYzbOuBc4I2kEYYuOIW859it/23zWdpNklrjocDHSUP2pS+8G7bzgVcBWwYed2kGgOZuBgBJrbUIeB7wM8pfbGfb7gQ+DewRcxqKMgA0dzMASGqdJaQ7699R/iI7yLYO+Dyw5/hPSTEGgOZuBgBJrTEfeDFwLeUvrqNs64CTSW8k1M4A0NzNACCpFQ4CLqT8RXWc20rgOGCTMZ6n3AwAzd0MAOrLvNIVkGawEXA88B3a9775RsAbSHMYDitcF0kdZQ"
24	dish	dish	"data:image/png;base64,iVBORw0KGgoAAAANSUhEUgAAAgAAAAIACAYAAAD0eNT6AAAABHNCSVQICAgIfAhkiAAAAAlwSFlzAAAOxAAADsQBlSsOGwAAABl0RVh0U29mdHdhcmUAd3d3Lmlua3NjYXBlLm9yZ5vuPBoAACAASURBVHic7d13nCVVmfj/T88MDEMWhmEAoQEDIoIYMYMKIioKuLi4q5jjqhi/xhX9uSpm0V3jrqgoq5gFMSIYQAUUBRFFEZAkYcgwzAwz/fvj6bu0PT0d6zmn6t7P+/V6Xi2K555TdW/VU6dOAEmSJEmSJEmSJEmSJEmSJEmSJEmSJEmSJEmSJEmSJEmSJEmSJEmSJEmSJEmSJEmSJEmSJEmSJEmSJEmSJEmSJEmSJEmSJEmSJEmSJEmSJEmSJEmSJEmSJEmSJEmSJEmSJEmSJEmSJEmSJEmSJEmSJEmSJEmSJEmSJEmSJEmSJEmSJEmSJEmSJEmSJEmSJEmSJEmSJEmSJEmSJEmSJEmSJEmSJEmSJEmSJEmSJEmSJEmSJEmSJEmSJEmSJEmSJEmSJEmSJEmSJEmSJEmSJEmSJEmSJEmSJEmSJEmSJEmSJEmSJEmSJEmSJEmSJEmSJEmSJEmSJEmSJEmSJEmSJEmSJEmSJEmSJEmSJEmSJEmSJEmSJEmSJEmSJEmSJEmSJEmSJEmSJEmSJEmSJEmSJEmSJEmSJEmSJEmSJEmSJEmSJEmSJEmSJEmSJEmSJEmSJEmSJEmSJEmSJEmSJEmSJEmSJEmSJEmSJEmSJEmSpEExVLsCkuZkHrAtsBOwA7DlaCwe/bvV6N9NgPWAjUf/fxsCC8eVtQK4bfQ/3wzcAdwEXDsay8b8XQZcAlwEXAmMNN4ySalMAKRu2B7YA9gd2BnYkTtv+uvXqxYQiUMvGbgYuBA4BzgXuKJetSRNxgRAapf5xE3+Qdx5w98DuEvNSs3BMuB3RDJwDnAmcB6wpmalJJkASLVtBNwPeDjwiNG/Xb3ZT9ctwC"
25	donut	donut	"data:image/png;base64,iVBORw0KGgoAAAANSUhEUgAAAgAAAAIACAYAAAD0eNT6AAAABHNCSVQICAgIfAhkiAAAAAlwSFlzAAAOxAAADsQBlSsOGwAAABl0RVh0U29mdHdhcmUAd3d3Lmlua3NjYXBlLm9yZ5vuPBoAACAASURBVHic7d13uCVFmfjx72QmwJBzGEBEogHBAAaCi65iFkwERVBMqIugrrqo609QV8V1VcxiWEWMoK5KDiayREEYBkZymhnSwJ17f3/UvXIZbzih36ruc76f53mfgRH71Nt9qrpOdwWQJEmSJEmSJEmSJEmSJEmSJEmSJEmSJEmSJEmSJEmSJEmSJEmSJEmSJEmSJEmSJEmSJEmSJEmSJEmSJEmSJEmSJEmSJEmSJEmSJEmSJEmSJEmSJEmSJEmSJEmSJEmSJEmSJEmSJEmSJEmSJEmSJEmSJEmSJEmSJEmSJEmSJEmSJEmSJEmSJEmSJEmSJEmSJEmSJEmSJEmSJEmSJEmSJEmSJEmSJEmSJEmSJEmSJEmSJEmSJEmSJEmSJEmSJEmSJEmSJEmSJEmSJEmSJEmSJEmSJEmSJEmSJEmSJEmSJEmSJEmSJEmSJEmSJEmSJEmSJEmSJEmSJEmSJEmSJEmSJEmSJEmSJEmSJEmSJEmSJEmSJEmSmmFK6QJIqtR0YK3hWBuYCcwC5gz/76sO/zdTgfnDf7cEGAQGgGXDf/cAsHw47hoVA+EZSMrCDoDUDDOATYAFwObDf27Kozf6tYB1ePSmHuVe4A4e2ym4EVgI3DAcNwGPBJdDUpfsAEj1shGwA/BE4Ak8erPfGJhWrlhtWQEsJnUGFgJXAX8ZjpvLFUvSaHYApDJmATuSbvQ78OhNf82ShcrgLuBS4LLhGPnn5SULJfUjOwBSHqsBuwC7AbsO/7lK0RLVxwCpI3AecC5wJuk1g6RAdgCkGJsCewLPAp5Bepyv1gwBVwO/J3UITiONK5BUITsAUjWmA08HXgTsBTwF61eVrgdOBU"
26	drink	drink	"data:image/png;base64,iVBORw0KGgoAAAANSUhEUgAAAgAAAAIACAYAAAD0eNT6AAAABHNCSVQICAgIfAhkiAAAAAlwSFlzAAAOxAAADsQBlSsOGwAAABl0RVh0U29mdHdhcmUAd3d3Lmlua3NjYXBlLm9yZ5vuPBoAABkGSURBVHic7d1trGXXWR/w/3jGY489jjOxQ2zHtWMnceymdvPupMG00KBSA20pimhocdVSSlElKj4AooiWpFWFqgoJQWkLKJVKhaDQ8tZiCuTFTUljQ+LUTkwIcWySOASSZjwzNo5f5k4/7DvKzfV9OXPvefY+e63fT1rKBzvPXXvv67P+d5291koAAAAAAAAAAAAAAAAAAAAAAAAAAAAAAAAAAAAAAAAAAAAAAAAAAAAAAAAAAAAAAAAAAAAAAAAAAAAAAAAAAAAAAAAAAAAAAAAAAAAAAAAAAAAAAAAAAAAAAAAAAAAAAAAAAAAAAAAAAAAAAAAAAAAAAAAAAAAAAAAAAAAAAAAAAAAAAAAAAAAAAAAAAAAAAAAAAAAAAAAAAAAAAAAAAAAAAAAAAAAAAAAAAACodf7UHQDg2Q5M3QGa9x+T/PUkH9+mfSLJM5P1DqBTAgDV7kryFTv882cyhIDtAsLx6g4C9EgAoNonk1y9j///8Zg9AFg6AYBKFyZ5PMl5RfXNHgDskQBApZuSPDDhzzd7ALANAYBKX5vkv0/diW3sNHvwYJJHp+saQL1DU3eApl0/dQd2cChD/7bro9kDoGkCAJWum7oD+3AsyavX22ZPZ3i50ewBMFsCAJVWeQZgP86P2QNg5rwDQKX7ktw8dSdWzNN59rsHH0lyT5LPTNgvAFiKA0keS3JGW7j97yRviWAOwIy9INMPqHNt7828358AZqBqgxZo9fv/Mbwhw1cCr5u6I0C7BACqCAD7c3mS/5HkJVN3BGiTAECVF0/dgQZcnuSn479ToIAPFqr4Dns5Xp/kzVN3AmiPAEAVXwEszz+ZugNAeyw3osqnkr"
27	dumpling-1	dumpling-1	"data:image/png;base64,iVBORw0KGgoAAAANSUhEUgAAAgAAAAIACAYAAAD0eNT6AAAABHNCSVQICAgIfAhkiAAAAAlwSFlzAAAOxAAADsQBlSsOGwAAABl0RVh0U29mdHdhcmUAd3d3Lmlua3NjYXBlLm9yZ5vuPBoAACAASURBVHic7d13uGZVebDxe4apDDD0JkWpgiBNUQQpil0ioiQaP4nGBCsh0RhN4mcwlthL7Bpj7InYCMaGEUUQxIKINEV6Z2CGzjBz5nx/POd8jMM5M+85Zz9r7b3f+3ddz8XgJe/sZ+2911577VVAkiRJkiRJkiRJkiRJkiRJkiRJkiRJkiRJkiRJkiRJkiRJkiRJkiRJkiRJkiRJkiRJkiRJkiRJkiRJkiRJkiRJkiRJkiRJkiRJkiRJkiRJkiRJkiRJkiRJkiRJkiRJkiRJkiRJkiRJkiRJkiRJkiRJkiRJkiRJkiRJkiRJkiRJkiRJkiRJkiRJkiRJkiRJkiRJkiRJkiRJkiRJkiRJkiRJkiRJkiRJkiRJkiRJkiRJkiRJkiRJkiRJkiRJkiRJkiRJkiRJkiRJkiRJkiRJkiRJkiRJkiRJkiRJkiRJkiRJkiRJkiRJkiRJkiRJkiRJkiRJkiRJkiRJkiRJkiRJkiRJkiRJkiRJkiRJkiRJkiRJkiRJkiRJkiRJkiRJkiRJkiRJkiRJkiRJkiRJkiRJkiRJkiRJkiRJkiRJkiRJkiRJkiRJkiRJkiRJkiRJkiRJkiRJUqe9ATig9kFIPbM/cW9JUiu9GRgFlgIHVj4WqS/2BZYQ99a7Kh+LJD3I+MN/PGwESDO3+sN/PGwESGqNNR/+NgKkmZvo4W8jQFJrTPbwtxEgTd/aHv7j8e5qRydp6K3r4W8jQJq6QR7+NgIkVTPow99GgDS4qTz8bQRIKmoW8HamVkGNx23Ao8sfstQJjybukencW+8g7k1JSrEA+BzTq6DG417ghaUPXGq5Y4G7mdm99WVgUekDl9R/ewK/YGYV1H"
28	dumpling-2	dumpling-2	"data:image/png;base64,iVBORw0KGgoAAAANSUhEUgAAAgAAAAIACAYAAAD0eNT6AAAABHNCSVQICAgIfAhkiAAAAAlwSFlzAAAOxAAADsQBlSsOGwAAABl0RVh0U29mdHdhcmUAd3d3Lmlua3NjYXBlLm9yZ5vuPBoAACAASURBVHic7d15vF5Veejx3zmZgAQICWPCKJMQESGATI6gFhUcEPVar1S01KJW68TF69TW2toqLbZqpSqK1gG03goFFQWsCAgiyDyPCWEKAULm4b1/rJx6PD3Jed+cZ609vL/v57M+rbafh2ctzl77efdeey2QJEmSJEmSJEmSJEmSJEmSJEmSJEmSJEmSJEmSJEmSJEmSJEmSJEmSJEmSJEmSJEmSJEmSJEmSJEmSJEmSJEmSJEmSJEmSJEmSJEmSJEmSJEmSJEmSJEmSJEmSJEmSJEmSJEmSJEmSJEmSJEmSJEmSJEmSJEmSJEmSJEmSJEmSJEmSJEmSJEmSJEmSJEmSJEmSJEmSJEmSJEmSJEmSJEmSJEmSJEmSJEmSJEmSJEmSJEmSJEmSJEmSJEmSJEmSJEmSJEmSJEmSJEmSJEmSJEmSJEmSJEmSJEmSJEmSJEmS1AADVScg1dROwDsD410M/CQw3liOXteifBG4LzDeWN5J+ncQYQnwN8DqoHiSpJaaCPwC6AS1+4AZBfPfHXgiMP/vFswd4I2BuXeAE8umL0lqqk8Td/NZCRxWMPdJwBWB+d8BbFEw/z2BpwLz/0rB3CVJDXYksJa4G9DHyqbPJwNzXwMcWjD3QeDqwPzvA6YWzF+S1FATgOuIuwHdCWxSMP89gOWB+Z9ZMHeAPw3MvQO8tmz6kqSmeg+xN6BjyqbPjwNzXwhsXTD3rdf9M6Py/1HB3CVJDbYJsIC4G9CVZdPn+YG5d4CPlk2fTwXm3qHsqwtJUoO9i9gb0CvLps8Fgbk/DcwsmPsWwKLA/C8qmLskqcEGgbuJuwHdTNk9NuYQu3DxHwvmDvD+wNw7wM"
29	dumpling	dumpling	"data:image/png;base64,iVBORw0KGgoAAAANSUhEUgAAAgAAAAIACAYAAAD0eNT6AAAABHNCSVQICAgIfAhkiAAAAAlwSFlzAAAOxAAADsQBlSsOGwAAABl0RVh0U29mdHdhcmUAd3d3Lmlua3NjYXBlLm9yZ5vuPBoAACAASURBVHic7d15tGZFeajx5/RE03QDjUA38zzPEkQRBwYhoKCirUajXhOD3hjFITc4REMcMZoY9RqHJA7EeGMrIoKiooggiMokkyCjCN0MgoDQTTfdfe4f1UcOm9PN+c7Zb1Xt73t+a70L18rK7nrrfLt2Ve3aVSBJkiRJkiRJkiRJkiRJkiRJkiRJkiRJkiRJkiRJkiRJkiRJkiRJkiRJkiRJkiRJkiRJkiRJkiRJkiRJkiRJkiRJkiRJkiRJkiRJkiRJkiRJkiRJkiRJkiRJkiRJkiRJkiRJkiRJkiRJkiRJkiRJkiRJkiRJkiRJkiRJkiRJkiRJkiRJkiRJkiRJkiRJkiRJkiRJkiRJkiRJkiRJkiRJkiRJkiRJkiRJkiRJkiRJkiRJkiRJkiRJkiRJkiRJkiRJkiRJkiRJkiRJkiRJkiRJkiRJkiRJkiRJkiRJkiRJkiRJkiRJkiRJkiRJkiRJkoJtvzokSdKA2Aa4CbgV2KFwWSRJUgYjD//h1WEnQJKkPtd8+NsJkCSpz63p4W8nQJKkPrUNcDNrfvjbCZAkqc+M9+FvJ0CSpD7R68PfToAkSR23B+lB3uvDfyQWAU/JXmpJkjRhRwG/Z+IP/5FYArwsc9klSVKPpgPvBVYy+Yf/SKwC/gmYmTEPSZI0TvsAl9Deg78ZNwCHZstGkiSt1bqkEfoK4h7+o2cD/g3YIEtmkiTpcYaAl7P2zX2i4m7gzcCM8CwlSdIfHQZcTP4HfzNuBY4HpsamK0nSYNsPOIvyD/5mXAYcB0yJS12SpMGzH7CQ9A6+9MN+bXEDaUZgWkw1SJI0GA4BfkD5B/tEOgJ/BazTfpVIktSfpgIvAi"
30	egg	egg	"data:image/png;base64,iVBORw0KGgoAAAANSUhEUgAAAgAAAAIACAYAAAD0eNT6AAAABHNCSVQICAgIfAhkiAAAAAlwSFlzAAAOxAAADsQBlSsOGwAAABl0RVh0U29mdHdhcmUAd3d3Lmlua3NjYXBlLm9yZ5vuPBoAACAASURBVHic7d15lGVVdfjxb0M3Dd3YzDIoKIgKChIQZBANISQaNSoIThExkR8iMYLzrC1OOBGcxSlRiQKJwaiJA86IogiKA8gok6CM3dBNd9ND/f441VIU1VVvuHuf+977ftbaC5YL39371H3n3HfuveeAJEmSJEmSJEmSJEmSJEmSJEmSJEmSJEmSJEmSJEmSJEmSJEmSJEmSJEmSJEmSJEmSJEmSJEmSJEmSJEmSJEmSJEmSJEmSJEmSJEmSJEmSJEmSJEmSJEmSJEmSJEmSJEmSJEmSJEmSJEmSJEmSJEmSJEmSJEmSJEmSJEmSJEmSJEmSJEmSJEmSJEmSJEmSJEmSJEmSJEmSJEmSJEmSJEmSJEmSJEmSJEmSJEmSJEmSJEmSJEmSJEmSJEmSJEmSJEmSJEmSJEmSJEmSJEmSJEmSJEmSJEmSJEmSJEmSJEmSJEmSJEmSJEmSJEmSJEmSJEmSJEmSJEmSJEmSJEmSJEmSJEmSJEmSJEmSJEmSJEmSJEmSJEmSJEmSJEmSJEmSJEmSJEmSJEmSJEmSJEmSJEmSJEmSJEmSJEmSJEmSJEmSJEmSJEmSJEmSJEmSJEmSJEmSUs2qnYCkVPOAucAGwPzx/20RsAq4o1ZSkvJ5ASANhznAjsCuwMOB7YFtga3HYzvuGfCnsxxYRrkYuA64dvyfa//9GuASYGWz6UvK5gWANHg2BPYC9gX2A/YAdqJcBGS4G/gN8IsJcRGwNOn4khrgBYDUfhsABwJPAA4C9iRvsO/UKuB84GzgW8BPx/83SZLUhe2Afwa+CiwBxgYsFgNfBl4MbNNw20iSNFQ2B55PGfRXUn8QbypWAz8Cjge2bK"
31	fish-1	fish-1	"data:image/png;base64,iVBORw0KGgoAAAANSUhEUgAAAgAAAAIACAYAAAD0eNT6AAAABHNCSVQICAgIfAhkiAAAAAlwSFlzAAAOxAAADsQBlSsOGwAAABl0RVh0U29mdHdhcmUAd3d3Lmlua3NjYXBlLm9yZ5vuPBoAACAASURBVHic7d13uF1Vmfjxby5JSKEktNBDEZAmIqAIiKKggmIdxy6OOuqoY52xjA27Y8FRGVGZQRFFZeyKBbEgAipFBKVK74RQEiCk3NzfH++9v1zCTc4596xy9jnfz/O8z73h4Vn3Xfvss/faa68CkiRJkiRJkiRJkiRJkiRJkiRJkiRJkiRJkiRJkiRJkiRJkiRJkiRJkiRJkiRJkiRJkiRJkiRJkiRJkiRJkiRJkiRJkiRJkiRJkiRJkiRJkiRJkiRJkiRJkiRJkiRJkiRJkiRJkiRJkiRJkiRJkiRJkiRJkiRJkiRJkiRJkiRJkiRJkiRJkiRJkiRJkiRJkiRJkiRJkiRJkiRJkiRJkiRJkiRJkiRJkiRJkiRJkiRJkiRJkiRJkiRJkiRJkiRJkiRJkiRJkiRJkiRJkiRJkiRJkiRJkiRJkiRJkiRJkiRJkiRJkiRJkiRJkiRJkiRJkiRJkiRJkiRJkiRJkiRJkiRJkiRJkiRJkiRJkiRJkiRJkiRJkiRJkiRJkiRJkiRJkiRJkiRJUkpTaicg9ahNgfUTlnc9sCJhea1sC0xNVNYy4MZEZbVjOrB1wvLuARYmLE+S1Ke2BhYAI4nix5RtbB8JrEyY/78UzB3gywlzXwLsVTZ9SVITTQV+R7ob0PXAxgXzn0887abK/5SCuQM8P2HuI8DLi2YvSWqsD5Hu5rMC2L9g7lOBPyXM/2pgg4L57wgsSpj/SQVzlyQ12G7E++5UN6DPl02fNyfMfQR4etn0OTVh7ncS4zgkSWrpV6S7Ad0GzCmY+zzg7oT5/6Bg7gDPTZj7CPDasulLkprqWTT7BnR8wtxXAA8rmPs04nVDqvz/Cg"
32	fish	fish	"data:image/png;base64,iVBORw0KGgoAAAANSUhEUgAAAgAAAAIACAYAAAD0eNT6AAAABHNCSVQICAgIfAhkiAAAAAlwSFlzAAAOxAAADsQBlSsOGwAAABl0RVh0U29mdHdhcmUAd3d3Lmlua3NjYXBlLm9yZ5vuPBoAACAASURBVHic7d15vF1VefDx381EEoYQBsMkYUwChDEColSwIqgFrShSB7CvClWKirW+Kg611lcQQcXqq1awCo6JKBCkdQAcQJAgBQEVECIg8xAyz7nvH+ve10u8N7n3nP2stfc5v+/n83yStmSf9ayzu9Y6e68BJEmSJEmSJEmSJEmSJEmSJEmSJEmSJEmSJEmSJEmSJEmSJEmSJEmSJEmSJEmSJEmSJEmSJEmSJEmSJEmSJEmSJEmSJEmSJEmSJEmSJEmSJEmSJEmSJEmSJEmSJEmSJEmSJEmSJEmSJEmSJEmSJEmSJEmSJEmSJEmSJEmSJEmSJEmSJEmSJEmSJEmSJEmSJEmSJEmSJEmSJEmSJEmSJEmSJEmSJEmSJEmSJEmSJEmSJEmSJEmSJEmSJEmSJEmSJEmSJEmSJEmSJEmSJEmSJEmSJEmSJEmSJEmSJEmSJEmSJEmSJEmSJEmSJEmSJEmSJEmSJEmSJEmSJEmSJEmSJEmSJEmSJEmSJEmSJEmSJEmSJEmSJEmSJEmSJEmSpGJ6ShdAxWwKTOmLbYBtgS2AzftiUl9sDozr+zebABMHXGMssHrA/7wOWNj39+XAEmBx3/9uSV8sAB7vi0f6/lxWaWaSpI1yANCZeoCdgenALn1/3xmYCjwb2A6YUKpwg1gKPAY8CMwH/rhePMAzBxqSpDY5AGi2ccAMUkc/A9ir7+/TSb/wO8Va0kDgt31xR9+fv8OnB5LUEgcAzdFD6uAPHhD7kx7Ld6t1pIHBb4B5wI19fy7cwL+RJOEAoAn2BE4BTiI9uteG9QJ38ucBwY3AzcCakoWSJGm4xgLvBVaQOjWj9VgC/LivPmcBo0bwPU"
33	french-fries	french-fries	"data:image/png;base64,iVBORw0KGgoAAAANSUhEUgAAAgAAAAIACAYAAAD0eNT6AAAABHNCSVQICAgIfAhkiAAAAAlwSFlzAAAOxAAADsQBlSsOGwAAABl0RVh0U29mdHdhcmUAd3d3Lmlua3NjYXBlLm9yZ5vuPBoAABsFSURBVHic7d170G5XXR/w78k5SUhyCAkh5AIkOadeqlCcKhQotCVIKgpesNKiUMdWSq3tFOnQUVuvUzvF2hu9yPRGtXVKjRgVbY1AQUFAneqUIFAk5OSekJu5kXvO6R/7nJxLzuV9n3f/9tr7WZ/PzJ4z55/fXvt5917P99l7r7USAAAAAAAAAAAAAAAAAAAAAAAAAAAAAAAAAAAAAAAAAAAAAAAAAAAAAAAAAAAAAAAAAAAAAAAAAAAAAAAAAAAAAAAAAAAAAAAAAAAAAAAAAAAAAAAAAAAAAAAAAAAAAAAAAAAAAAAAAAAAAAAAAAAAAAAAAAAAAAAAAAAAAAAAAAAAAAAAAAAAAAAAAAAAAAAAAAAAAAAAAAAAAAAAAAAAAAAAAAAAAOB4trVuAMzU9yX5kdaNmJErkrypdSOA8exo3QCYqackObt1I2bkjNYNAMZ1UusGAADTEwAAoEMCAAB0SAAAgA4JAADQIQEAADokAABAhwQAAOiQAAAAHRIAAKBDAgAAdEgAAIAOCQAA0CEBAAA6JAAAQIcEAADokAAAAB0SAACgQwIAAHRoR+sGQEduSfKWCfbz1iQvmWA/wIIJADCd+5L8wgT7+bYIAMAJCABUOjnJztaNWNFprRswM6ckObt1Izp0f5JHWzeC9SQAUOkVSa5s3QhG8a37N6b1qiS/0boRrCcvAQJAhwQAAOiQAAAAHRIAAKBDAgAAdEgAAIAOCQAA0CEBAAA6JAAAQIcEAADokAAAAB0SAACgQwIAAHRIAACADgkAANAhAQAAOiQAAECHBAAA6JAAAAAdEgAAoEM7WjcAVvBNSR4s3sfrk3x38T6W5DeT/OMJ9v"
34	fried-egg	fried-egg	"data:image/png;base64,iVBORw0KGgoAAAANSUhEUgAAAgAAAAIACAYAAAD0eNT6AAAABHNCSVQICAgIfAhkiAAAAAlwSFlzAAAOxAAADsQBlSsOGwAAABl0RVh0U29mdHdhcmUAd3d3Lmlua3NjYXBlLm9yZ5vuPBoAACAASURBVHic7d13mCZVlfjx7ySGCeQgIENGEERBFFFBwYi6ZjHLGjGsa1zDqquYUXRd4667Yk5rVtRVESMqWYKAkhEJEmdgYPL074/T/aMZhpnufuvcW1Xv9/M85wE2VNept8KtW/eeC5IkSZIkSZIkSZIkSZIkSZIkSZIkSZIkSZIkSZIkSZIkSZIkSZIkSZIkSZIkSZIkSZIkSZIkSZIkSZIkSZIkSZIkSZIkSZIkSZIkSZIkSZIkSZIkSZIkSZIkSZIkSZIkSZIkSZIkSZIkSZIkSZIkSZIkSZIkSZIkSZIkSZIkSZIkSZIkSZIkSZIkSZIkSZIkSZIkSZIkSZIkSZIkSZIkSZIkSZIkSZIkSZIkSZIkSZIkSZIkSZIkSZIkSZIkSZIkSZIkSZIkSZIkSZIkSZIkSZIkSZIkSZIkSZIkSZIkSZIkSZIkSZIkSZIkSZIkSZIkSZIkSZIkSZIkSZIkSZIkSZIkSdLQmVZ7B6RkGwJzRv99I2AmMB3YZPR/NgIsHPd/vxRYMu6fktRLNgDUJbOAHYCdgLsDW4zGlsBW4/57LDYY8O8tB24ejZuARaNxJXDtuH9ePS5GBvybklSEDQC1zabAPsCuxIN+53H/3A6YUWvHJmApcClwMXDJuH+eP/o/X11v1yTpjmwAqJaZwB7Ew/7eo7EP8YbfR7cB5wHnAOeO/vMs4O81d0rS8LIBoFJ2BA4CHjgaewOzq+5RO1wOnDwapwBnEI0FSUplA0AZZgL7Ag8CHjwad6+6R92xkugZ+DXwS+C3xLgDSWqUDQA1ZRfgMOAxwKHAvLq70xurgD8CvwJOGP3n0or7I6knbABoqjYkuvQfMRr719"
35	fruit-juice	fruit-juice	"data:image/png;base64,iVBORw0KGgoAAAANSUhEUgAAAgAAAAIACAYAAAD0eNT6AAAABHNCSVQICAgIfAhkiAAAAAlwSFlzAAAOxAAADsQBlSsOGwAAABl0RVh0U29mdHdhcmUAd3d3Lmlua3NjYXBlLm9yZ5vuPBoAABVqSURBVHic7d150O13Xdjx95WbkBhICCLIIjRtWRQskMhOVRgoVJBpmKIVWcZ2Su3UEdQ6VVoLtW6IOCztVBhLhSBWsBaHWigIRRFGdtm3WrZAQJAlIYSEkNs/fpcWaLzJvfd8z+855/t6zfwmk2Tmez7nufd5zvv5rQUAAAAAAAAAAAAAAAAAAAAAAAAAAAAAAAAAAAAAAAAAAAAAAAAAAAAAAAAAAAAAAAAAAAAAAAAAAAAAAAAAAAAAAAAAAAAAAAAAAAAAAAAAAAAAAAAAAAAAAAAAAAAAAAAAAAAAAAAAAAAAAAAAAAAAAAAAAAAAAAAAAAAAAAAA++s3qiO2Iduh4/hzAPbYN6w9AACwfQIAACYkAABgQgIAACYkAABgQgIAACYkAABgQgIAACYkAABgQgIAACYkAABgQgIAACYkAABgQgIAACYkAABgQgIAACYkAABgQgIAACYkAABgQgIAACZ0eO0BYEveXP3y2kMch7tW/3ztIYD9JQCYxUXVC9ce4jhcufYAwH5zCAAAJiQAAGBCAgAAJiQAAGBCAgAAJiQAAGBCAgAAJiQAAGBCAgAAJiQAAGBCAgAAJiQAAGBCAgAAJiQAAGBCAgAAJiQAAGBCh9cegAPt7Op+K7zuOQPWfFB1ZMC6u+Zh+TrM5OXVZ9cegoPp0NoDcKCdW71p7SGAE3an6q1rD8HB5BAAAExIAADAhAQAAExIAADAhAQAAExIAADAhAQAAExIAADAhAQAAExIAADAhAQAAExIAADAhAQAAExIAADAhAQAAExIAADAhAQAAExIAADAhAQAAExIAAAA8DXOrY4M2M7Z5ptg513a5v8OPmKr7+Cand"
36	frying-pan	frying-pan	"data:image/png;base64,iVBORw0KGgoAAAANSUhEUgAAAgAAAAIACAYAAAD0eNT6AAAABHNCSVQICAgIfAhkiAAAAAlwSFlzAAAOxAAADsQBlSsOGwAAABl0RVh0U29mdHdhcmUAd3d3Lmlua3NjYXBlLm9yZ5vuPBoAAB4nSURBVHic7d15tGVVfSfwb1VRFJTMyiAiguDIoMhgVFQUjIpB24WQdkJxStImEtMax2SprQlOUaOrl6bbCRRsYpNBJS2I4oCIMgkCKsgkg4jFPBZU3f5jVwVSKXiv3ttnn3vu/XzW2kt0uX7vuy/3nL3vGfZOAAAAAAAAAAAAAAAAAAAAAAAAAAAAAAAAAAAAAAAAAAAAAAAAAAAAAAAAAAAAAAAAAAAAAAAAAAAAAAAAAAAAAAAAAAAAAAAAAAAAAAAAAAAAAAAAAAAAAAAAAAAAAAAAAAAAAAAAAAAAAAAAAAAAAAAAAAAAAAAAAAAAAAAAAAAAAAAAAAAAAAAAAAAAAAAAAAAAAAAAAAAAAAAAAAAAAAAAAAAAAAAAAAAAAAAAAAAAAAAAAAAAAAAAAAAAAAAAAAAAAAAAAAAAAAAAAAAAAAAAAAAAAAAAAAAAAAAAAAAAAAAAAAAAAAAAAAAAAAAAAAAAAAAAAAAAAAAAAAAAAAAAAAAAAAAAAAAAAAAAAAAAAAAAAAAAAAAAAAAAAAAAAAAAAAAAAAAAAAAAAAAAAAAAAAAAAAAAAAAAAABgeBb0HQCYSE9IsmWlWqMkpyRZUaneTBYkeVaShZXq3ZDkzEq1ZuPBSfaoWO+iJJdXrAfAhHpCkjtSBu4a7SNt4+dtFbOvSPLchtkXJjmxYv7fJNmmYX4ABmrjJL9IvQHo9CTrN8z/5CTLK+Z/f8PsSfKeSrlXT172b5oegMH6cuoNQLck2aFh9k2SXFEx/2lJ1muYf98k91TM/76G2QEYsANSb/AZJXlr2/j5u4rZ70nd+/AzWS/JORXzX5xkg4b5ARio9ZNcmHoD0PlJFj"
37	gyoza	gyoza	"data:image/png;base64,iVBORw0KGgoAAAANSUhEUgAAAgAAAAIACAYAAAD0eNT6AAAABHNCSVQICAgIfAhkiAAAAAlwSFlzAAAOxAAADsQBlSsOGwAAABl0RVh0U29mdHdhcmUAd3d3Lmlua3NjYXBlLm9yZ5vuPBoAACAASURBVHic7d13uFxluffxbxIS0khClU7AAqggHhRUUFBRaR4VxAaCgg1EUWkiShGOoqDHgnqwIpbjQcCCYOEIvgdU7HRBKaF3EkIIhJT9/vHMwDDuMqvca83s9f1c133tEJLs31qzZ57VnvsBSZIkSZIkSZIkSZIkSZIkSZIkSZIkSZIkSZIkSZIkSZIkSZIkSZIkSZIkSZIkSZIkSZIkSZIkSZIkSZIkSZIkSZIkSZIkSZIkSZIkSZIkSZIkSZIkSZIkSZIkSZIkSZIkSZIkSZIkSZIkSZIkSZIkSZIkSZIkSZIkSZIkSZIkSZIkSZIkSZIkSZIkSZIkSZIkSZIkSZIkSZIkSZIkSZIkSZIkSZIkSZIkSUVNAJ5WdwhJklStvYDlwBnAOjVnkSRJFZgEXAMMteph4CRgdp2hJElSrLfxxODfWfcBRwIr15ZMkiSFmAzcwPAHAO36B+kWwYSaMkqSpJIdzOiDf2f9AdihnpiSJKks04Db6P0AoF0XAFvWkFeSJJXgSLIP/u1yxoAkSQNoNukhv7wHAM4YkCRpAB1P8cHfGQOSJA2QNYAHKfcAwBkDkiT1uVOIGfydMSBJUp9ah3TfPvoAoHPGwBaVbJkkSRrRV6hu8G+XMwYkSarRXGAJ1R8AtMsZA5Ik1eAM6hv8O8sZA5IkVWRTYBn1D/6ddR3OGJAkKdTZ1D/gj1TOGJAkKcDWwArqH+jHKmcMSJJUol9Q/+DeazljQJKkEmxP/YN6nnLGgCRJBVxM/YN5kboLOAiYXPaOkSRpLKsDVwHvAibVnCWLXah/AC+rnDEgSarcyTwxEF0F7F5vnJ5MID1dX/fAXXY5Y0CSVImReu"
38	ham-leg	ham-leg	"data:image/png;base64,iVBORw0KGgoAAAANSUhEUgAAAgAAAAIACAYAAAD0eNT6AAAABHNCSVQICAgIfAhkiAAAAAlwSFlzAAAOxAAADsQBlSsOGwAAABl0RVh0U29mdHdhcmUAd3d3Lmlua3NjYXBlLm9yZ5vuPBoAACAASURBVHic7d15mCVFmajxt3rf2UGaVZYGURZF2TdF0FFQEGxUZkAUxXFHcbijjog6XBAVGR0EQVFGRMXrXFHZvIIIqDjIrkAD0oJsDc3S9EKvdf+IKm3aqupTdfKLyDzn/T3P98jjkhVf5DG/yMzICJAkSZIkSZIkSZIkSZIkSZIkSZIkSZIkSZIkSZIkSZIkSZIkSZIkSZIkSZIkSZIkSZIkSZIkSZIkSZIkSZIkSZIkSZIkSZIkSZIkSZIkSZIkSZIkSZIkSZIkSZIkSZIkSZIkSZIkSZIkSZIkSZIkSZIkSZIkSZIkSZIkSZIkSZIkSZIkSZIkSZIkSZIkSZIkSZIkSZIkSZIkSZIkSZIkSZIkSZIkSZIkSZIkSZIkSZIkSZIkSZIkSZIkSZIkSZIkSZIkSZIkSZIkSZIkSZIkSZIkSZIkSZIkSZIkSZIkSZIkSZIkSZIkSZIkSZIkSZIkSZIkSZIkSZIkSZIkSZIkSZIkSZIkSZIkSZIkSZIkSZIkSZIkSZIkSZIkSZIkSZIkSZIkSZIkSZIkSZIkSZIkSZIkSZIkSZIkSZIkSZIkSZIkSZIkSZIkSZIkSZIkSVJJPaUbIGlIU4CxwFp9/zoFeApYBjwLLAYWFmudpMZyACCVNRV4CbADsCWwMbApsAkwHRjTwjGeAB7oi/uBW4D/Ae4GVlTfZEmdwAGAlM9Y4BXAvsDOwE7AFsT9//BZ4HfApcBPgHuC/o4kSVrJKGBX4BPAlcB8oLdg3AmcTHq6IEmSKjQBeB1wDvAwZQv+YLEM+DHw2qA+kCSpK4wBDgK+R3rsXrrADyd+A7yq+i6RJKlz7QScATxK+ULebvwc2K7a7p"
39	ice-cream	ice-cream	"data:image/png;base64,iVBORw0KGgoAAAANSUhEUgAAAgAAAAIACAYAAAD0eNT6AAAABHNCSVQICAgIfAhkiAAAAAlwSFlzAAAOxAAADsQBlSsOGwAAABl0RVh0U29mdHdhcmUAd3d3Lmlua3NjYXBlLm9yZ5vuPBoAACAASURBVHic7d15uGVVfafx99ZEFVVQQMkoU0lAQQkKKIpKQBBEwCAgiYpaaLdJ95N+MrTa3Uk6nTzRjnGKiYktCXAvQwXFAQVUFEFRJIioiDLKWMwyFhRV1HRP/7FuJeWx7q1779q/tc7Z5/08z3pU5Kz9Xefcc9baa++9FkiSJEmSJEmSJEmSJEmSJEmSJEmSJEmSJEmSJEmSJEmSJEmSJEmSJEmSJEmSJEmSJEmSJEmSJEmSJEmSJEmSJEmSJEmSJEmSJEmSJEmSJEmSJEmSJEmSJEmSJEmSJEmSJEmSJEmSJEmSJEmSJEmSJEmSJEmSJEmSJEmSJEmSJEmSJEmSJEmSJEmSJEmSJEmSJEmSJEmSJEmSJEmSJEmSJEmSJEmSJEmSJEmSJEmSJEmSJEmSJEmSJEmSJEmSJEmSJEmSJEmSJEmSJEmSJEmSJEmSJEmSJEmSJEmSJEmSJEmSJEmSJEmSJEmqY6h2AEmNGgJ2A/YYK7sCOwLbbVS2GPt354/957Nj/7kaeGKj8ghwH3AvsGzsv3fCWyCpCAcAUv+aC7wMeAXwUuAlwIuABUHHWwHcAtwE/AS4DrgBeC7oeJICOQCQ+sc84NXAkcARwIHA7KqJYC3wI+DbwBXANcCqqokkSWqBRcA7gQuBZ0hT8L1cVgGXA38I7BzwfkiS1FrzgLcAl5DOsGt36tMt64GrgfcCWzX6DkmS1CL7AWeQrrXX7rybLivG2rZfY++WJEl9bAg4inS2P0r9jrpEuRo4Ae9BkiQNoHnA75Puqq/dIdcqNwO/N/ZeSJLUajNI1/fvpn4H3CvlPtJ9AjMz3ldJknrWkcCPqd/h9mq5CThu2u+uJE"
40	ketchup	ketchup	"data:image/png;base64,iVBORw0KGgoAAAANSUhEUgAAAgAAAAIACAYAAAD0eNT6AAAABHNCSVQICAgIfAhkiAAAAAlwSFlzAAAOxAAADsQBlSsOGwAAABl0RVh0U29mdHdhcmUAd3d3Lmlua3NjYXBlLm9yZ5vuPBoAAByeSURBVHic7d158O9XXd/xZ5KbzZAYMLKGxIAEWQqyKQhIiwjFQa2K1G50kdKptaJtHaq1gtrpwHS62LGtuFTFopW2KChoFVSYIqKkQDFUWcouBMhCWJPc5PaPz71yIdtdfuf7+X5/5/GYOZNMcud83+fz/dzP5/X9LOcUAAAAAAAAAAAAAAAAAAAAAAAAAAAAAAAAAAAAAAAAAAAAAAAAAAAAAAAAAAAAAAAAAAAAAAAAAAAAAAAAAAAAAAAAAAAAAAAAAAAAAAAAAAAAAAAAAAAAAAAAAAAAAAAAAAAAAAAAAAAAAAAAAAAAAAAAAAAAAAAAAAAAAAAAAAAAAAAAAAAAAAAAAAAAAAAAAAAAAAAAAACwFU5ZuwDYERdU561dBMfk2uqjaxcBwP7w49UhbSfaj9/Kdwgc5dS1CwAANk8AAIAJCQAAMCEBAAAmJAAAwIQEAACYkAAAABMSAABgQgIAAExIAACACQkAADAhAQAAJiQAAMCEBAAAmJAAAAATEgAAYEICAABMSAAAgAkJAAAwIQEAACZ0YO0CYGKvq/7h2kWs7MeqR65dBMxIAID1XFtdtnYRK7t27QJgVm4BAMCEBAAAmJAAAAATEgAAYEICAABMSAAAgAkJAAAwIQEAACYkAADAhAQAAJiQAAAAExIAAGBCAgAATEgAAIAJCQAAMCEBAAAmJAAAwIQEAACYkAAAABM6sHYBMLFLqmevXcTKLlm7AJiVAADrubR63tpFAHNyCwAAJiQAAMCEBAAAmJAAAAATEgAAYEICAABMSAAAgAkJAAAwIQEAACYkAADAhAQAAJiQAAAAExIAAGBCAgAATEgAAIAJCQAAMCEBAA"
41	kitchenware	kitchenware	"data:image/png;base64,iVBORw0KGgoAAAANSUhEUgAAAgAAAAIACAYAAAD0eNT6AAAABHNCSVQICAgIfAhkiAAAAAlwSFlzAAAOxAAADsQBlSsOGwAAABl0RVh0U29mdHdhcmUAd3d3Lmlua3NjYXBlLm9yZ5vuPBoAACAASURBVHic7d15tF5Fme/x78kMEkhCEAIoCqIgeG1nQbABvc1FxeHSXkUbuO0A7dAiLU44oLbgiC0tDuCMMw4oIqKCA4gCioiIAjI0INwkhCEEQubTfxS5hiE557zvfnbtXfX9rFUL1+rmeevU3uz399beuwokSZIkSZIkSZIkSZIkSZIkSZIkSZIkSZIkSZIkSZIkSZIkSZIkSZIkSZIkSZIkSZIkSZIkSZIkSZIkSZIkSZIkSZIkSZIkSZIkSZIkSZIkSZIkSZIkSZIkSZIkSZIkSZIkSZIkSZIkSZIkSZIkSZIkSZIkSZIkSZIkSZIkSZIkSZIkSZIkSZIkSZIkSZIkSZIkSZIkSZIkSZIkSZIkSZIkSZIkqSgjuTsgST0xA5hzT5sObAZMWuf/fiewErgNuBW4ve0OShNhAJCkv5kL/A9gZ2AXYLt72kOBmROstQq4CbgeuA64EvgTcNk9/3t1M12WBmMAkFSzrYGnAXvc88/H08518U7gfOA84Jf3tGUtfK4kSVWaATwf+BLwV2C0I+1u4BfAG0kzDlI4ZwAE6TzYBngY6RfRLNKFcqOMfSrREmAFcAtwI3AtcHPWHtVhMrAbcBDwItK9+677E3AyKajclLkvkgqzC/BW4IekB5Zy/wKqtd0AfAt4FbDtBo+YJuqRwAnAIvIf50HbauDnwAtJQUaSBjIbeD3p10XuC5vt/m0NcA7wEtJT5hrMHsAppIfwch/TJtu1wJtJM3SSNC6bAu8CFpP/ImYbX7sOeCUw5f6HUw9gMnAg8FvyH7vodjvwQdJtO0lar/1JryHlvmjZBmuXAE++31HVuvYBLib/sWq73QW8n4m/niipcN"
42	lollipop	lollipop	"data:image/png;base64,iVBORw0KGgoAAAANSUhEUgAAAgAAAAIACAYAAAD0eNT6AAAABHNCSVQICAgIfAhkiAAAAAlwSFlzAAAOxAAADsQBlSsOGwAAABl0RVh0U29mdHdhcmUAd3d3Lmlua3NjYXBlLm9yZ5vuPBoAACAASURBVHic7d15mJ5Vefjx7yQhBEgCJAhhlX0VkcUWoYgCFlyo1YqoP7dapWC1bq0K1gUXcCmCthZZFLC2WLdqKbayCK0gW1lkk0UIOyEsCZAA2WZ+f5wZHcIk887Muc953vf5fq7rvoY/uM57n2cmz7nf5zkLSJIkSZIkSZIkSZIkSZIkSZIkSZIkSZIkSZIkSZIkSZIkSZIkSZIkSZIkSZIkSZIkSZIkSZIkSZIkSZIkSZIkSZIkSZIkSZIkSZIkSZIkSZIkSZIkSZIkSZIkSZIkSZIkSZIkSZIkSZIkSZIkSZIkSZIkSZIkSZIkSZIkSZIkSZIkSZIkSZIkSZIkSZIkSZIkSZIkSZIkSZIkSZIkSZIkSZIkSZIkSZIkSZIkSZIkSZIkSZIkSZIkSZIkSZIkSZIkSZIkSZIkSZIkSZIkSZIkSZIkSZIkSZIkSZIkSZIkSZIkSZIkSZIkSZIkSSqkr3YCksJMBmYPxtrAmoM/AWYAUwb/eznw5OB/PwUsGfz5KPAI0F8oX0kFWQBI3WkdYEtgq8EY+u85pAF/A2BWps96dFg8CNwFzF3p5+JMnyWpEAsAqdmmAFsAuwB7DsbOpMG+Sf9+HwRuAm4Grh7875uAZ2omJWnVmnQDkQQbAvsAfzT4cw/So/tutIRUDPwKuAS4DJhfNSNJv2MBINW1PvDHwMGkQX+7uumEu41UDPwcOB9YUDcdqb0sAKTydgFeAxwE7A+sUTedalYA1wEXAP9JelLghENJUk/ZBfgM8FtgwBgx7gW+RnoS4pcTSVLX2h34EmmmfO3BtdviTuB4YLcxX3VJkiqYCRxBmvxWexDtlbgJ+Bj5ljVKkpTNS4"
43	macaroon	macaroon	"data:image/png;base64,iVBORw0KGgoAAAANSUhEUgAAAgAAAAIACAYAAAD0eNT6AAAABHNCSVQICAgIfAhkiAAAAAlwSFlzAAAOxAAADsQBlSsOGwAAABl0RVh0U29mdHdhcmUAd3d3Lmlua3NjYXBlLm9yZ5vuPBoAACAASURBVHic7d15tF1VneDx78vLPJGEmSBhiCAREFARIRKwEEURrVac2rIptdQurWU1ZbcDWAqogGU5lbrEVssSqtsusWzLsUGBCMgg4MCkICHMJIRAyDy+/uN333rvheSNd+99zj3fz1q/dSGEc/fed5999jlnDyBJkiRJkiRJkiRJkiRJkiRJkiRJkiRJkiRJkiRJkiRJkiRJkiRJkiRJkiRJkiRJkiRJkiRJkiRJkiRJkiRJkiRJkiRJkiRJkiRJkiRJkiRJkiRJkiRJkiRJkiRJkiRJkiRJkiRJkiRJkiRJkiRJkiRJkiRJkiRJkiRJkiRJkiRJkiRJkiRJkiRJkiRJkiRJkiRJkiRJkiRJkiRJkiRJkiRJkiRJkiRJkiRJkiRJkiRJkiRJkiRJkiRJkiRJkiRJkiRJkiRJkiRJkiRJkiRJkiRJkiRJkiRJkiRJkiRJkiRJkiRJkiRJkiRJkiRJkiRJkiRJkiRJkiRJkiRJkiRJkiRJkiRJkiRJkiRJkiRJkiRJkiRJkiRJkiRJkiRJkiRJkiRJkiRJkiRJkiRJkiRJkiRJkiRJkiRJkiRJkiRJkiRJkiRJkiRJkiRJkiRJkiRJkiRJkiRJkiRJkiRJkiRJkiRJkiRJkiRJkiRJkiRJkiRJkiRJkiRJkiRJkiRJkiRJkiRJkiRJkiRJkiRJkiRJkiRJkiRJkiRJkiRJkiRJkiRJkiRJkiRJkiRJkiRJkiRJkiRJkiRJkiRJkiRJkiRJkiRJkiRJkiRJkiRJkiRJkiRJkiRJkiRJkiRJkiRJkiRJkiRJkiRJkiRJUhldpRMg1cxkYH/ggFbMBSYBM4BpwMRiKWumjcA64ClgPb"
44	menu	menu	"data:image/png;base64,iVBORw0KGgoAAAANSUhEUgAAAgAAAAIACAYAAAD0eNT6AAAABHNCSVQICAgIfAhkiAAAAAlwSFlzAAAOxAAADsQBlSsOGwAAABl0RVh0U29mdHdhcmUAd3d3Lmlua3NjYXBlLm9yZ5vuPBoAABj6SURBVHic7d158GxnXefx9yUJJJGwjgQENCCbKIuCIoIsAiKyjQ4qIoIOMFaJYtWgODWj1lTplIXAiDBFWaIg4Kjjggug46jggoAMMTCCCBFkCRAWgRCWQCCZP86lkotZ7tJPn/7183pVdeXWzc3nfPuX292fPuc55xQAAAAAAAAAAAAAAAAAAAAAAAAAAAAAAAAAAAAAAAAAAAAAAAAAAAAAAAAAAAAAAAAAAAAAAAAAAAAAAAAAAAAAAAAAAAAAAAAAAAAAAAAAAAAAAAAAAAAAAAAAAAAAAAAAAAAAAAAAAAAAAAAAAAAAAAAAAAAAAAAAAAAAAAAAAAAAAAAAAAAAAAAAAAAAAAAAAAAAAAAAAAAAAAAAAAAAsDGH1h6AvXF69UXVGWsPAnvswuoT1SfXHoSDTwHgWN22uk91p8O/vk110/xdgm26tHpP9ZbqrdU51V9U5644EweMN22uzqHqXtX3Vt/S8mEP7Kbzqj+uXlS9sqUowBVSALgy162eWD2hOmvdUYDj8M/VL1XPqT628izsIAWAL3T96snVD7WUAOBg+2j17OoZ1QUrz8IOUQC4vO9oeaM4c+1BgI07v/rxlsMDDg2gAFDVzasXtizuA/bby6vHtCwiZGIKAPevfi3f+mEmH6oeW/3R2oOwnpPWHoBV/efq+dW11x4E2KrTq0dVF1V/s/IsrEQBmNOh6unVT2QvEMzqUMsewBtWf5J1AdNRAOZzqPrlllP8AO7Wcn2Pl649CNulAMzn51pO8QP4vK+pTmlZIMgkFIC5PKn66bWHAHbSN1YfrP7v2oOwHY7/zuPrqr+urrn2IMDOuri6d/XqtQdhPAVgDtev/i"
45	microwave-oven	microwave-oven	"data:image/png;base64,iVBORw0KGgoAAAANSUhEUgAAAgAAAAIACAYAAAD0eNT6AAAABHNCSVQICAgIfAhkiAAAAAlwSFlzAAAOxAAADsQBlSsOGwAAABl0RVh0U29mdHdhcmUAd3d3Lmlua3NjYXBlLm9yZ5vuPBoAAA3qSURBVHic7d1prG13WcDhX0fa2kJBiwOSKlNrrBAGMVEhmKBiRdCExBKjpookBBMHopUUHOIXVDQmBEdCcEicKCARDETFokXEWAGpoQyRKSKTSNtAobXXD/saJPSWc2/32muf8z5Psj/c5Nz/fvfJzVq/u4a9CgAAAAAAAAAAAAAAAAAAAAAAAAAAAAAAAAAAAAAAAAAAAAAAAAAAAAAAAAAAAAAAAAAAAAAAAAAAAAAAAAAAAAAAAAAAAAAAAAAAAAAAAAAAAAAAAAAAAAAAAAAAAAAAAAAAAAAAAAAAAAAAAAAAAAAAAAAAAAAAAAAAAAAAAAAAAAAAAAAAAAAAAAAAAAAAAAAAAAAAAAAAAAAAAAAAAAAAAAAAAAAAAAAAAAAAAAAAAAAAAAAAAAAAAAAAAAAAAAAAAAAAAAAAAAAAAAAAAAAAAAAAAAAAAAAAAAAAAAAAAAAAAAAAAAAAAAAAAAAAAAAAAODIOm3tAY6ws6rzqwvzewY4Wceq/65uqW5beZYjyY7p7jurenT12Oqy6pLqIdUFaw4FcITcXN14/PW26vXVm6rb1xzqsBMAp+bc6nuqp1aPa/M/fQB255bqddUfVa+oPrXuOIePADg5D6p+qrqiuufKswCw8Yk2IfD86t0rz3JoCICDubR6bvW91RkrzwLAnbu9+uPqF6t3rDzL3hMAd+3c6qrqZ6p7rDwLAAdzW/Wb1dVtThVwJwTAiT22+v3q4rUHAeCU/Hv1/dV1aw+yjxzO/nynVT9W/WF1n5VnAeDU3bv6gTb7ute3ubWQ4xwB+FzntrmQ5MlrDwLAVr2s+r7q1rUH2RcC4LMurF5ZPWbtQQBYxLVt/o"
46	milk	milk	"data:image/png;base64,iVBORw0KGgoAAAANSUhEUgAAAgAAAAIACAYAAAD0eNT6AAAABHNCSVQICAgIfAhkiAAAAAlwSFlzAAAOxAAADsQBlSsOGwAAABl0RVh0U29mdHdhcmUAd3d3Lmlua3NjYXBlLm9yZ5vuPBoAABE3SURBVHic7d17sG5lQQbw57APIAcOcj9HwkRICUUIRRAykDAwIqYRp2ZEi4p08JLZhGQXqGm0ZKCGsolGskmrKUyMUg9kE+qoKEyQKAy3GCWQmygekPt298eC8bDd55x9+d71rvW9v9/MO+e/9T3vN2uv9znrW5cEAAAAAAAAAAAAAAAAAAAAAAAAAAAAAAAAAAAAAAAAAAAAAAAAAAAAAAAAAAAAAAAAAAAAAAAAAAAAAAAAAAAAAAAAAAAAAAAAAAAAAAAAAAAAAAAAAAAAAAAAAAAAAAAAAAAAAAAAAAAAAAAAAAAAAAAAAAAAAAAAAAAAAAAAAAAAAAAAAAAAAAAAAAAAAAAAAAAAAAAAAAAAAAAAAAAAAAAAAAAAAAAAAAAAAAAAAAAAAAAAAAAAAAAAAAAAAAAAAAAAAAAAAAAAAAAAAAAAAAAAAAAAAAAAAAAAAAAAAAAAgLJW1Q4AE7JbkhOTHJpk3VMDSrsvyT1JrkvyiST31o0D0I79k/xjkieSzBlGxfFkko8lOTAAFPXmJI+l/oHfMDYdTyQ5MwAU8d7UP9AbxpbGhYEBm6kdAJbhtCTn1Q4BW3FYku8m+ULtILAQFwEyNj+U5OYka2oHgUWYTXJwkhtqB4H5tqkdAJboD2LxZzxmkvxR7RCwEGcAGJMd0t12tWPtILAEs0nWJ/lm7SCwKWcAGJPjYvFnfGbSPaMCBkUBYExeUjsALNOLaweA+RQAxmR97QCwTHvXDgDzKQCMidP/jNVOtQPAfAoAADRIAQCABikAANAgBQAAGqQAAECDFAAAaJACAAANUgAAoEEKAAA0aHXtAFDZ7Ukuqx2CQTk2yQtqh4DSFA"
47	muffin	muffin	"data:image/png;base64,iVBORw0KGgoAAAANSUhEUgAAAgAAAAIACAYAAAD0eNT6AAAABHNCSVQICAgIfAhkiAAAAAlwSFlzAAAOxAAADsQBlSsOGwAAABl0RVh0U29mdHdhcmUAd3d3Lmlua3NjYXBlLm9yZ5vuPBoAACAASURBVHic7d15uB9XXfjx983aJE2TNknTje47Ld0LSIGWXbCCgICAK4qKIPpDRBF/oMiDiIKIxQWQ7Qf8aNGiZbMUhBbsTtd0ofuapmmaNHuzXf84N+b29i7fZT7nzMz3/Xqe85SQ9tzzmTtz5jNnzpwDkiRJkiRJkiRJkiRJkiRJkiRJkiRJkiRJkiRJkiRJkiRJkiRJkiRJkiRJkiRJkiRJkiRJkiRJkiRJkiRJkiRJkiRJkiRJkiRJkiRJkiRJkiRJkiRJkiRJkiRJkiRJkiRJkiRJkiRJkiRJkiRJkiRJkiRJkiRJkiRJkiRJkiRJkiRJkiRJkiRJkiRJkiRJkiRJkiRJkiRJkiRJkiRJkiRJkiRJkiRJkiRJkiRJkiRJkiRJkiRJkiRJkiRJkiRJkiRJkiRJkiRJkiRJkiRJkiRJkiRJkiRJkiRJkiRJkiRJkiRJkiRJkiRJkiRJkiRJkiRJkiRJkiRJkiRJkiRJkiRJkiRJkiRJkiRJkiRJkiRJkiRJkiRJkiRJkiRJkiRJkiRJkiRJkiRJkiRJkiRJkiRJkiRJkiRJkiRJkiRJkiRJkiRJkiRJkiRJkiRJkiRJkiRJymqodAOkIHsAhwCLgMXAQmAasGDk7zcCjwMbRspDwP3ACmBr7sZWaCmwL3AAMI8U7+i4VwPDwBpgHSnm5cCq7C2tzmxgv5GyDynu3YA5I/9cT/p9rwceAzaR4r2DdA5IA8kEQE23APgp4FjgyJFyFOkm2IsdpBviTcANI/+8FrgO2NZvYyt0BHAycDwp9uOBA4FZPda3mXRDvHGkLAOuAB7ou6XV2Q04FTgOeBop7mOAvXusbwdwH3DbqHIVcC"
48	noodle	noodle	"data:image/png;base64,iVBORw0KGgoAAAANSUhEUgAAAgAAAAIACAYAAAD0eNT6AAAABHNCSVQICAgIfAhkiAAAAAlwSFlzAAAOxAAADsQBlSsOGwAAABl0RVh0U29mdHdhcmUAd3d3Lmlua3NjYXBlLm9yZ5vuPBoAABR6SURBVHic7d15zKVVfQfw78vMsMywiIADKLgAokDdaGpLXBqrUnFLraBNbU1tJLEuCKW41NYl1hrXWGujEuPeusQa22oXMRYXai1gW0WpC5vCgFUQmEFgYN7+8fCakb4zzLzznHOee8/nk5xg3phzz+/OPed+77OcJwEAAAAAAAAAAAAAAAAAAAAAAAAAAAAAAAAAAAAAAAAAAAAAAAAAAAAAAAAAAAAAAAAAAAAAAAAAAAAAAAAAAAAAAAAAAAAAAAAAAAAAAAAAAAAAAAAAAAAAAAAAAAAAAAAAAAAAAAAAAAAAAAAAAAAAAAAAAAAAAAAAAAAAAAAAAAAAAAAAAAAAAAAAAAAAAAAAAAAAAAAAAAAAAAAAAAAAAAAAAAAAAAAAAAAAAAAAAAAAAAAAAAAAAAAAgGYWWg8AKliX5NAk+7YeCMy4DUmuaj0IxrG69QCggicm+WjrQcAceE2SV7YeBOPYrfUAAID6BAAA6JAAAAAdEgAAoEMCAAB0SAAAgA4JAADQIQEAADokAABAhwQAAOiQAAAAHRIAAKBDAgAAdEgAAIAOCQAA0CEBAAA6JAAAQIcEAADokAAAAB0SAACgQ6tbDwBm1O1J7r/M3w9M8u8FXu+UJBcs8/fPJrnfyK/1xiTvXObvr0vyjJFf69wkzxm5T8q5rvUAGI8AACuzmOSSZf6+qdDrXbWN19tc4LWu28Zr3VDgtW7axmsBhTkFAAAdEgAAoEMCAAB0SAAAgA4JAADQIQEAADokAABAh+wDALR0WJJTWw+CHXZhkvNbD4JxCABAS8cleVfrQbDDXhMBYG44BQAAHRIAAKBDAgAAdEgAAIAOCQAA0CEBAA"
49	oven	oven	"data:image/png;base64,iVBORw0KGgoAAAANSUhEUgAAAgAAAAIACAYAAAD0eNT6AAAABHNCSVQICAgIfAhkiAAAAAlwSFlzAAAOxAAADsQBlSsOGwAAABl0RVh0U29mdHdhcmUAd3d3Lmlua3NjYXBlLm9yZ5vuPBoAAA4ISURBVHic7d1byC1lHcfx326/mZKWtbUtHejsoaNaVJaVZaeLCgpTw0zqIsKKIg07QFFQShAYlFJdpG0vtLKM7jrYiSILSaPyRFlkB0vLUvH4vruLeTfsXVa63/XMs2b+nw/MjeDDf1h7Zn3fmVlrJQAAAAAAAAAAAAAAAAAAAAAAAAAAAAAAAAAAAAAAAAAAAAAAAAAAAAAAAAAAAAAAAAAAAAAAAAAAAAAAAAAAAAAAAAAAAAAAAAAAAAAAAAAAAAAAAAAAAAAAAAAAAAAAAAAAAAAAAAAAAAAAAAAAAAAAAAAAAAAAAAAAAAAAAAAAAAAAAAAAAAAAAAAAAAAAAAAAAAAAAAAAAAAAAAAAAAAAAAAAAAAAAAAAAAAAAAAAAAAAAAAAAAAAAAAAAAAwnk29B2AytiR5ZJIHrm/79h0H2MlNSW5d365LcmPfcZgCAcA92ZLkhUlelOSwJAev/zdgGm5IclWSnyX5TpLvJvlbz4FYPgKAHR6S5PgkJyZ5dpL79R0HWKC1JD9Osi3JBUn+3nccloEA4JAk701yXJIHdJ4FaO+ODBFwepIrO89CRwKgrgOTfCzJa+KvfahoLcmFST6Q5JrOs9CBAKhnrySnrW97dp4F6O+uJGcneX+GhwgpQgDUcniS85M8sfcgwNK5OsOtwMt6D8I4NvcegNG8MclXkmztPQiwlLYkeVOSm5Nc0nkWRuAKwPxtTvKpJG/tPQgwGZ9P8pYkd/cehHYEwLztkeFjP8f2HgSYnIuSvD7J7b0HoQ0BMF8rSb6a5JW9BwEm6+tJXhtXAmbJMwDztCnJ5zI80AOwuw5K8rgMVwOYGQEwTx9O8q7eQwCz8L"
50	pie	pie	"data:image/png;base64,iVBORw0KGgoAAAANSUhEUgAAAgAAAAIACAYAAAD0eNT6AAAABHNCSVQICAgIfAhkiAAAAAlwSFlzAAAOxAAADsQBlSsOGwAAABl0RVh0U29mdHdhcmUAd3d3Lmlua3NjYXBlLm9yZ5vuPBoAACAASURBVHic7d13tGZVffDx750+MPTeBqTD0KRIkSAiFlRiQSyJXTGxRZMQeWNC7EaTGMWWYOIi+vraURRRQKNU6V3AQQYYGGAYKcPA9Jl73z9+9647wMzc59679z7t+1lrL7CsfX/7nOc5+/fsswtIkiRJkiRJkiRJkiRJkiRJkiRJkiRJkiRJkiRJkiRJkiRJkiRJkiRJkiRJkiRJkiRJkiRJkiRJkiRJkiRJkiRJkiRJkiRJkiRJkiRJkiRJkiRJkiRJkiRJkiRJkiRJkiRJkiRJkiRJkiRJkiRJkiRJkiRJkiRJkiRJkiRJkiRJkiRJkiRJkiRJkiRJkiRJkiRJkiRJkiRJkiRJkiRJkiRJkiRJkiRJkiRJkiRJkiRJkiRJkiRJkiRJkiRJkiRJkiRJkiRJkiRJ0jr1VR2AVEPTgZ8DMxPVdyvwamBVovpGcgDwQ2Biovq+Bnw2UV29eDdwaqK6BoA3AVckqk+S1GJfIzqOFOVJYN+Csc8AbksY/01EQlTKocCyhPH/W8HYJUkN9gbSdT4DwFvKhs+3Esa+CNijYOybAHMSxn8lMLlg/JKkhtoc+CPpOqALy4bPixPGPgB8sGz4fClh7CuJVyGSJI3ov0jXAS0H9ioY+1RgdsL4b6Hsr+f9iU47VfwO/UuSenIIsJp0HdA/lw2ff0wY+wDwvLLhc1nC2B8CNiobviSpqX5Eug5oMbBVwdg3JO2ri4sLxg5wXMLYB4C/Lxu+JKmp9iLtr/8zyobP3ySMfQB4adnwuSBh7I8Dm5YNX5LUVF8mbQe6e8HY+4C7EsZ+B2X3B9k7YewDxERCSZJGNBGYT7oO6Oqy4XNkwtgHgI+XDZ"
51	piece-of-cake	piece-of-cake	"data:image/png;base64,iVBORw0KGgoAAAANSUhEUgAAAgAAAAIACAYAAAD0eNT6AAAABHNCSVQICAgIfAhkiAAAAAlwSFlzAAAOxAAADsQBlSsOGwAAABl0RVh0U29mdHdhcmUAd3d3Lmlua3NjYXBlLm9yZ5vuPBoAACAASURBVHic7d15mF1FnfDxb6ebkJCFyBKWBAgGhFfAgbDjqKyKgoAyDioqig6KG7jwqqgjvjOMwKszwyIIgg644OAG6MywiICDEhZZlLAvEiBEwpKVhCTdPX9U99Am3cldTlWdc8/38zy/x4fRObd+Rd9bv1OnThVIkiRJkiRJkiRJkiRJkiRJkiRJkiRJkiRJkiRJkiRJkiRJkiRJkiRJkiRJkiRJkiRJkiRJkiRJkiRJkiRJkiRJkiRJkiRJkiRJkiRJkiRJkiRJkiRJkiRJkiRJkiRJkiRJkiRJkiRJkiRJkiRJkiRJkiRJkiRJkiRJkiRJkiRJkiRJkiRJkiRJkiRJkiRJkiRJkiRJkiRJkiRJkiRJkiRJkiRJkiRJkiRJkiRJkiRJkiRJkiRJkiRJkiRJkiRJkiRJkiRJkiRJkiRJkiRJkiRJkiRJkiRJkiRJkiRJkiRJkiRJkiRJkiRJkiRJkiRJkiRJkiRJkiRJkiRJkiRJkiRJkiRJkiRJkiRJkiRJkiRJkiRJkiRJkiRJkiRJkiRJkiRJkiRJkiRJkiRJkiRJkiRJkiRJkiSpjrpyN0CSSmoi0A2MB/qAp/I2RyqWBYCkuhoH7Ay8BpgObANsBWw8EKOH/G/vBGakbqAUU0/uBkhSIusD+wH7A/sCrybc4UuSpA4zHjgG+CXwEtDfYtyRuuGSJKl5OwLnAQtpfdC3AJAkqSJ2BS4nLNorYuC3AJAkqcQ2AM4EVlLswG8BIElSCfUAxwHziDPwWwBIklQyU4GbiDvwWwBIklQi+wNzSTP4WwBIklQCXwJ6STf4WwBIkpRRF/AN0g78FgCSJGXUDXybPIO/BYAkSZmcQ7"
52	pitcher	pitcher	"data:image/png;base64,iVBORw0KGgoAAAANSUhEUgAAAgAAAAIACAYAAAD0eNT6AAAABHNCSVQICAgIfAhkiAAAAAlwSFlzAAAOxAAADsQBlSsOGwAAABl0RVh0U29mdHdhcmUAd3d3Lmlua3NjYXBlLm9yZ5vuPBoAAB+lSURBVHic7d159H13Xd/7Z0LCKAkzihUCXMEEQQEFlCJBQcSoVGC1DlVbK1Kh11ooUsq6twPWcEHtwhrFIB3AtWxXwVKwcEWGeGUqQ2goBhnEBEFGGTIAmfjeP/bvSEzyy+/7/f7OHs45j8dan0XI8P589v59v+fzOp+992cXAAAAAAAAAAAAAAAAAAAAAAAAAAAAAAAAAAAAAAAAAAAAAAAAAAAAAAAAAAAAAAAAAAAAAAAAAAAAAAAAAAAAAAAAAAAAAAAAAAAAAAAAAAAAAAAAAAAAAAAAAAAAAAAAAAAAAAAAAAAAAAAAAAAAAAAAAAAAAAAAAAAAAAAAAAAAAAAAAAAAAAAAAAAAAAAAAAAAAAAAAAAAAAAAAAAAAAAAAAAAAAAAAAAAAAAAAAAAAAAAAAAAAAAAAAAAAAAAAAAAAAAAAAAAAFzXCXMPgEO5a3W/6g7VTWceC7B/e9XV1clzD2RNvlh9tHrfkf9lgwgAm+NW1ZOqf1CdMfNYAK5trzq/enH1gurKeYfDfggAm+HR1Qurr5t7IADH8GfVT1bnzTwOjuEmcw+AY3pK9ZLqNnMPBGAfblv9aPXxhlUBFsoKwLL9SPXb+XMCNs+Xq8dV/33ugXDDTCzLdVr17urWM48D4LAubbhn6SNzD4TrcwlguX69euDcgwA4DjdruHz5irkHwvVZAVimu1QXVyfNPRCA43R19TXVp+ceCH/diXMPgBv02Ez+wHY4qTpr7kFwfQLAMj1k7gEArNFD5x4A1ycALJPn/YFt8rVzD4DrEwCWyfa+wDa5/dwD4PoEgGX6zNwDAFgjN5wvkACwTBfOPQAAtpsAsEyvnXsAAGw3AW"
53	pizza	pizza	"data:image/png;base64,iVBORw0KGgoAAAANSUhEUgAAAgAAAAIACAYAAAD0eNT6AAAABHNCSVQICAgIfAhkiAAAAAlwSFlzAAAOxAAADsQBlSsOGwAAABl0RVh0U29mdHdhcmUAd3d3Lmlua3NjYXBlLm9yZ5vuPBoAACAASURBVHic7d13mGVFtbDxt2eGIcPAEBREcpCsKCqgKGBGEQWzGK9XPwNmzOI1gdfE9ZozelFBQcVIUAwYQHJGgQEkMxJmgGFSf3+sPtI03dNpr6p9znl/z1MPeL+P6lX7nLOrdu2qVSBJkiRJkiRJkiRJkiRJkiRJkiRJkiRJkiRJkiRJkiRJkiRJkiRJkiRJkiRJkiRJkiRJkiRJkiRJkiRJkiRJkiRJkiRJkiRJkiRJkiRJkiRJkiRJkiRJkiRJkiRJkiRJkiRJkiRJkiRJkiRJkiRJkiRJkiRJkiRJkiRJkiRJkiRJkiRJkiRJkiRJkiRJkiRJkiRJkiRJkiRJkiRJkiRJkiRJkiRJkiRJkiRJkiRJkiRJkiRJ9Q3UDkBSY2YAc4fK6sDsoX8CrAGsNPTv6wz9c/j/+3guBX7STJiS2mBW7QAkrdAMYCNgM2BzYGNgPe7r6Dul83/LciwOAKSe4gBAqm9t4GFEB7/ZsH9uBmxKPKlLUqMcAEjlzCQ69B2A3YDth/59O+JJX5KKcQAg5ZgF7ALsATwc2Jno8FetGZQkdTgAkJqxBrArsCew11CZUzUiSVoBBwDS1GwI7Es84e8F7EhM8UtSV3AAIE3MTOIJfz/gmcBj8b29pC7mAEAa2/rAE4gO/xnAulWjkaQGOQCQ7m874HnAAcTiPZNlSepJDgCk2Jr3bOBgYhGfJPU8BwDqVw8FDiQ6/T3wSV9Sn3EAoH6yDvAS4MXA7tjpS+pjDgDUD3YDXkN0/BM9/EaSepoDAPWqOcRivjcAO1WORZJaxwGAeskAsA/wH8SivpXrhiNJ7eUAQL1gNvAC4B1ERj5J0jgcAKibrQ28nO"
54	popsicle	popsicle	"data:image/png;base64,iVBORw0KGgoAAAANSUhEUgAAAgAAAAIACAYAAAD0eNT6AAAABHNCSVQICAgIfAhkiAAAAAlwSFlzAAAOxAAADsQBlSsOGwAAABl0RVh0U29mdHdhcmUAd3d3Lmlua3NjYXBlLm9yZ5vuPBoAAB6mSURBVHic7d15tC1XQefxb2YIEAijyhRAZkQmaRS6HYAWaCdUFAVBuhUHQKCxO7bagrQDICrYrWvR7epGBO0GBRUFBBSZRQVBCIgECCBDSIhJBEJCktd/1LvmJXnDve+eqjr31Oez1l4vebl31951KrV/p6r2rgIAAAAAAAAAAAAAAAAAAAAAAAAAAAAAAAAAAAAAAAAAAAAAAAAAAAAAAAAAAAAAAAAAAAAAAAAAAAAAAAAAAAAAAAAAAAAAAAAAAAAAAAAAAAAAAAAAAAAAAAAAAAAAAAAAAAAAAAAAAAAAAAAAANjbjpm7AcAorlndYH+5YXWj6pT9/+3k6qSr/PzF1ef3//OF1TnVudVn9peLRm4vMDEBAPaum1VfUd2uOq261f4/T6uuu+JtXVCdVX34gD//oXp39fEVbwuYgAAAe8NtqvtW96zuur9cf9YWXeG86l0NYeBvqjdXH5q1RcARCQCwnu5a3b+6X/U11ZfM25wd+2RDEHhz9drqPfM2BwDW07Wqb66eV3202rdh5VPVC6qHVddb0T4DgD3p5IYB8eUND+HNPUhPVS6tXlM9qiseTASAjXZi9Z3VHzQ8WT/3YDx3uah6afXt1Qm72K8AsJZuWz2jOrv5B911LZ+qnlvd+Sj3MQCshWOrb6n+vLq8+QfYvVIur/6s4ZmIY3e81wFgJic13N8+o/kH071ezqye2PC8BACspWtX/6X6dPMPnJtWzq5+omG2BACshZOqxzbMfZ97oNz0ck51esNSxwAwi+OrH6k+0fwD49LKx6sf3v8ZAMBkvqFh+du5B8Kll/dVDz7CZwUAu3bb6g+bf+BTrlxe1vC+BABYqeMb7j"
55	pot-1	pot-1	"data:image/png;base64,iVBORw0KGgoAAAANSUhEUgAAAgAAAAIACAYAAAD0eNT6AAAABHNCSVQICAgIfAhkiAAAAAlwSFlzAAAOxAAADsQBlSsOGwAAABl0RVh0U29mdHdhcmUAd3d3Lmlua3NjYXBlLm9yZ5vuPBoAABowSURBVHic7d17sGV1eSbg93Q3YBNuCoJyERAIoEbLCzhAxNskGjSaGjJmYkZKM9aMiUlmwqRMxpjEZGIqIZUyiRPxMpkkmMqUOpPEiWAkxGgUjIK3GESQqyLITbna0HT3nj9Wn4rFDOxzur/1W3vt9TxV+w+qq77z7kOd/b17rbXXTgAAAAAAAAAAAAAAAAAAAAAAAAAAAAAAAAAAAAAAAAAAAAAAAAAAAAAAAAAAAAAAAAAAAAAAAAAAAAAAAAAAAAAAAAAAAAAAAAAAAAAAAAAAAAAAAAAAAAAAAAAAAAAAAAAAAAAAAAAAAAAAAAAAAAAAAAAAAAAAAAAAAAAAAAAAAAAAAAAAAAAAAAAAAAAAAAAAAAAAAAAAAAAAAAAAAAAAAAAAAAAAAAAAAAAAAAAAAAAAAAAAAAAAAGBRrAwdABbU3kn2Kpx3V5IdhfPm2T/JhqJZ25PcXTRrLTYm2a9w3v1JthTOA2BJHZzkpiSzosdFqVvGa3FGurJRlf9nG2ZPkt8vzH5/kme0jQ/AGG1IcmHqFtDNSR7XMP/hSW4rzP/BtD1S+IOpLS+va5gdgBF7U+qWz/YkpzfMvjHJJwrzfzXJoxvmPzLJtwrzv79hdgBG7Nh054qrFtA728bPTxZmnyX5V23j5wOF2e9Kcmjb+ACM1fmpW0B3JDmoYfYDk9xemP/ChtmT5EWF2WdJ/mPb+ACM1UtSu4B+um38vL0w+/YkJzTMvjHJVYX5v5xkU8P8AIxY5bnzW5Jsbpj9kCTfLsz/vobZk+RHC7PPkvx42/gAjNXpqV1Av9g2fn6zMPssybPaxs9nCrPfmGTPtvEBGKv/mboFtC3dfQRa2S"
56	pot	pot	"data:image/png;base64,iVBORw0KGgoAAAANSUhEUgAAAgAAAAIACAYAAAD0eNT6AAAABHNCSVQICAgIfAhkiAAAAAlwSFlzAAAOxAAADsQBlSsOGwAAABl0RVh0U29mdHdhcmUAd3d3Lmlua3NjYXBlLm9yZ5vuPBoAABoHSURBVHic7d170CZleSfgHzMDg5wExcghanBRXBE0UaMrrsZjkApacSvRpNQkRo1mrejqusYybuJukkqixsNqWaVuDooYU6nNekKMURNZT3jioAIqQUABQUBRhuPMu3/0sBAX5vve+e5++u3u66rq0rKs219/0s9zv939PJ0AAAAAAAAAAAAAAAAAAAAAAAAAAAAAAAAAAAAAAAAAAAAAAAAAAAAAAAAAAAAAAAAAAAAAAAAAAAAAAAAAAAAAAAAAAAAAAAAAAAAAAAAAAAAAAAAAAAAAAAAAAAAAAAAAAAAAAAAAAAAAAAAAAAAAAAAAAAAAAAAAAAAAAAAAAAAAAAAAAAAAAAAAAAAAAAAAAAAAAAAAAAAAAAAAAAAAAAAAAAAAAAAAAAAAAAAAAAAAAAAAAAAAAAAAAAAAAAAAAAAAAAAAAMAa9hg6AKygvZJ8IMmRRfW+keTJSW4sqreWo5K8L8meRfXemeTVRbXW49lJXllY7zlJPlFYD4CJemOSRdFxfZKfaZh97yRfLsz/1ST7NMz/gCTXFuZ/a8PsAIzYLybZkboJ6AVt4+dthdmvTXJ0w+z7JjmnMP8Z6RoiANilA5JckroJ6LS0fcz2qNQ2L7/bMHuSvKYw+/YkP9s2PgBj9abUTUA3JTm2Yfa9knytMP/Xk2xtmP/+6d6RqMr/lobZARixByS5OXUT0Bvaxs9LC7MvkhzfNn4+Wpj9qiQHtY0PwFidnLoJ6PokhzfMvjW1jy5Ob5g9SR5WmH2R5L+1jQ/AWB2R7pZ91QT0trbx84LC7IskT20bP+8rzH5tkru1jQ/AWL02tRPoMW3jlz77vzDJpobZj0jti4vvaJ"
57	prawn	prawn	"data:image/png;base64,iVBORw0KGgoAAAANSUhEUgAAAgAAAAIACAYAAAD0eNT6AAAABHNCSVQICAgIfAhkiAAAAAlwSFlzAAAOxAAADsQBlSsOGwAAABl0RVh0U29mdHdhcmUAd3d3Lmlua3NjYXBlLm9yZ5vuPBoAACAASURBVHic7d13lGVFubDxp6cnEYcoWZAkMICAgF4FFAQjiIIRFa+KmFA+vWa9CoqKXkVBvYqiIigqmCUqoqBcFBEQySBIzmkGZpjU/f1R3Yum6XTO2W/V3uc8v7XeRa5db53Drjp7VwBJkiRJkiRJkiRJkiRJkiRJkiRJkiRJkiRJkiRJkiRJkiRJkiRJkiRJkiRJkiRJkiRJkiRJkiRJkiRJkiRJkiRJkiRJkiRJkiRJkiRJkiRJkiRJkiRJkiRJkiRJkiRJkiRJkiRJkiRJkiRJkiRJkiRJkiRJkiRJkiRJkiRJkiRJkiRJkiRJkiRJkiRJkiRJkiRJkiRJkiRJkiRJkiRJkiRJkiRJkiRJkiRJkiRJkiRJkiRJkiRJkiRJkiRJkiRJkiRJkiRJmqq+0hXoQssBuwBbA2sBS4E7gb8Alw79tSRJ6hLrAd8AHgQGx4m7gP8GVi1UR0mSVKG3Ag8xfsc/Om4D9ihSU0mSVIkjmHrHPzKWAa8rUF9JktShd9Ne5z8ci4EXZK+1JElq21xgIZ0NAAaBm4GVMtddkiS16cd03vkPx+GZ6y5JktqwAWk5X1UDgFuA/qwZSJJ62rTSFWio51Fth70+sHOF5UmSNCEHAO15VkCZ2waUKUnSmBwAtGeTgDI3CihTkqQxOQBoz/oBZS4JKFOSpDE5AGjPmgFlLgwoU5KkMTkAaF0fsHJAuXcGlClJ0pgcALRueWKW7N0XUKYkSWNyANC6OUHlzg8qV5KkJ3AA0LqobXsdAEiSsnEA0LqI9//gAECSlJEDgNbNCirXVQCSpGwcALQuas/+waByJUl6gumlK9BAUQOA3IOxjYCnk3Y17APuAS"
58	pudding	pudding	"data:image/png;base64,iVBORw0KGgoAAAANSUhEUgAAAgAAAAIACAYAAAD0eNT6AAAABHNCSVQICAgIfAhkiAAAAAlwSFlzAAAOxAAADsQBlSsOGwAAABl0RVh0U29mdHdhcmUAd3d3Lmlua3NjYXBlLm9yZ5vuPBoAACAASURBVHic7d17tF1FneDx7yUh5AUECAghBFSUCIIgLwUbR8VHOw1tI83Q+HZae1QUbdrHyLTa4wtt10xDt9069tA26jjiUny0NoqPiIAQIzgIyEMQJEEFeUjeyc2980ddNIQk95xz61e199nfz1q1XAaoU7/K2bV/Z1ftKpAkSZIkSZIkSZIkSZIkSZIkSZIkSZIkSZIkSZIkSZIkSZIkSZIkSZIkSZIkSZIkSZIkSZIkSZIkSZIkSZIkSZIkSZIkSZIkSZIkSZIkSZIkSZIkSZIkSZIkSZIkSZIkSZIkSZIkSZIkSZIkSZIkSZIkSZIkSZIkSZIkSZIkSZIkSZIkSZIkSZIkSZIkSZIkSZIkSZIkSZIkSZIkSZIkSZIkSZIkSZIkSZIkSZIkSZIkSZIkSZIkSZIkSZIkSZIkSZIkSZIkSZIkSZIkSZIkSZIkSZIkSZIkSZIkSZIkSZIkSZIkSZIkSZIkSZIkSZIkSZIkSZIkSZIkSZIkSZIkSZIkSZIkSZIkSZIkSZIkSZIkSZIkSZIkSZIkSZIkSZIkSZIkSZIkSZIkSZIkSZIkSZIkSZIkSZIkSZIkSZIkSdKQGKndAEnhdgOeCBwEzAF2mShzJv75auChibIKuGWiPFC8pZKKMQGQhstc4ATg2cDRwJOAPQes6x7gJmAp8B3g+6QEQZIkNcD+wDnAFcBGYDyobAQuB94JLCoSmSRJeoSdgVcBS4BNxN30t1U2Ad+daMPOsaFKkqQ9gPcA91H+pr+t8hBw7kTbJElSRnsBfwuspP4Nf3uJwIeB+UF9IElSZ+wAvBy4l/o3+F7LA8BZwLSA/pAkaegdAfyA+jf0QcuPgGOz94"
59	rice	rice	"data:image/png;base64,iVBORw0KGgoAAAANSUhEUgAAAgAAAAIACAYAAAD0eNT6AAAABHNCSVQICAgIfAhkiAAAAAlwSFlzAAAOxAAADsQBlSsOGwAAABl0RVh0U29mdHdhcmUAd3d3Lmlua3NjYXBlLm9yZ5vuPBoAACAASURBVHic7d1puF1Fmejx/8lAEgKZCBACIRIZw+TAYAQFBQFFQES5Kly0pUXsVgQVaBu1sfFec/U2gkM7iwpqM4hcbVRaUBsRmZEhGJAhQIQMEEhCIOM590Odo4edM+xhVdVae/9/z/M+5IOu/b7r7FVVe61aVSBJkiRJkiRJkiRJkiRJkiRJkiRJkiRJkiRJkiRJkiRJkiRJkiRJkiRJkiRJkiRJkiRJkiRJkiRJkiRJkiRJkiRJkiRJkiRJkiRJkiRJkiRJkiRJkiRJkiRJkiRJkiRJkiRJkiRJkiRJkiRJkiRJkiRJkiRJkiRJkiRJkiRJkiRJkiRJkiRJkiRJkiRJkiRJkiRJkiRJkiRJkiRJkiRJkiRJkiRJkiRJkiRJkiRJkiRJkiRJkiRJkiRJkiRJkiRJkiRJkiRJkiRJkiRJkiRJkiRJkiRJkiRJkiRJkiRJkiRJkiRJkiRJkqTCbApcDszOnYgkSUrnu0APsBJ4W95UJElSCh8hdP590Q3MBUbmTEqSJMVzILCWFw8A+uI3wJb5UpMkSTHMABYzcOffF48C++RKUJIkFWsscAtDd/598QLw7jxpSpKkIn2L+jr//vF1YHSOZCVJUuv+kcY7/774b2Dr9ClLkqRWzAHW0PwAoAd4HNgvdeKSJKk504CFtNb598Vq4OS06UuSpEaNBq6nmM6/dl7AJgnrkCRJDfgaxXf+fXEDsE26UiRJUj1OIl7n3xd/IcwvkCRJJbAf4Xl97AFA3yBgbJqyJEnSYLYmzNhP0flvAI5IU5YkSRrMKOC3pOn8e4Azk1QlSZKG9EXSdf5XAl1pypIkSYM5gXSd/33AhDRlSZKkwewNrC"
60	roast-chicken	roast-chicken	"data:image/png;base64,iVBORw0KGgoAAAANSUhEUgAAAgAAAAIACAYAAAD0eNT6AAAABHNCSVQICAgIfAhkiAAAAAlwSFlzAAAOxAAADsQBlSsOGwAAABl0RVh0U29mdHdhcmUAd3d3Lmlua3NjYXBlLm9yZ5vuPBoAACAASURBVHic7d13mF9Vnfjx90x6IQmEUBJKQpUiWFBBpAiIXbHgYoH9iSj2svogiq5l7WUBfX7qz3VXxV5X7CKCK4JI70iTQCBAAgQI6ZmZ3x9nssY4M5lyP+fc773v1/N8ngklZz7nztxzz/fcU0CSJEmSJEmSJEmSJEmSJEmSJEmSJEmSJEmSJEmSJEmSJEmSJEmSJEmSJEmSJEmSJEmSJEmSJEmSJEmSJEmSJEmSJEmSJEmSJEmSJEmSJEmSJEmSJEmSJEmSJEmSJEmSJEmSJEmSJEmSJEmSJEmSJEmSJEmSJEmSJEmSJEmSJEmSJEmSJEmSJEmSJEmSJEmSJEmSJEmSJEmSJEmSJEmSJEmSJEmSJEmSJEmSJEmSJEmSJEmSJEmSJEmSJEmSJEmSJEmSJEmSJEmSJEmSJEmSJEmSJEmSJEmSJEmSJEmSJEmSJEmSJEmSJEmSJEmSJEmSJEmSJEmSJEmSJEmSJEmSJEmSJEmSJEmSJEmSJEmSJEmSJEmSJEmSJEmSJEmSJEmSJEmSJEmSJEmSJEmSJEmSJEmSJEmSJEmSJEmSJEmSJEmSJEmSJEmSJEmSJEmSJEmSJEmSJEmSJEmSJEmSJEkj1lU6AbXWJGA3YGtgKjAdmAE8AqwAVgL3A7cBqwrlKEmNZQdAOUwHDgYOAw4Adgd2ArqH8Xf7gEXAzcAVwP8AFwDLQzKVJEljsg3wFuCPwDrSg7yqWAf8CXgHsH2uCkmSpIF1AS8AfkH1D/3BYj1wDvBShjeiIEmSKtINPB+4nDwP/cHiNuBtwOTY6kqSpGeR3s+XfPBvGrcDx0RWWpKktpoHnEX5h/1QcS6wV9QFkCSpbV4CLK"
61	room-service	room-service	"data:image/png;base64,iVBORw0KGgoAAAANSUhEUgAAAgAAAAIACAYAAAD0eNT6AAAABHNCSVQICAgIfAhkiAAAAAlwSFlzAAAOxAAADsQBlSsOGwAAABl0RVh0U29mdHdhcmUAd3d3Lmlua3NjYXBlLm9yZ5vuPBoAACAASURBVHic7d15tF1FmbDx5yaBJATCFAYDMsgkMjQKjoCA4ohIN6Bit40DSmuroP19zkrrp7aIrYIz3Ti33QIOqN3aioogDjghMooMYQpTmEkg073fH5UrMeQm996z37f2Ofv5rVULlkvq1lvn7Lfq7F27CiRJkiRJkiRJkiRJkiRJkiRJkiRJkiRJkiRJkiRJkiRJkiRJkiRJkiRJkiRJkiRJkiRJkiRJkiRJkiRJkiRJkiRJkiRJkiRJkiRJkiRJkiRJkiRJkiRJkiRJkiRJkiRJkiRJkiRJkiRJkiRJkiRJkiRJkiRJkiRJkiRJkiRJkiRJkiRJkiRJkiRJkiRJkiRJkiRJkiRJkiRJkiRJkiRJkiRpkA3VboCkUEPAI4GdgV2ArYBZK8o0YCFwH3Ab8CfgCuBaYFmNxkqSpMnbGng1cDplYB+ZYLkf+B7wZmCP5LZLkqQJmA4cDZwNLGfig/6ayoXAG4FN06KRJElrNAs4HriRZgf9se4MnEJ5jCBJkioYAl4K3Er8wL9qWQScAMwIj1KSJP3ZzsC55A/8q5YrgYOCY5UkScARwF3UH/xHyzBwIjA1MmhJkrpqKvAJ6g/4Y5UfAhuFRS9JUgetS3mlr/Ygv7ZyCeUVREmS1KMZlF/XtQf38ZZrKBsPSZKkSZoKnEn9QX2i5VJgk4D+kCSpEz5F/cF8suVnlM2JJEnSBBxF/UG81/KxxntFkqQBtitl173aA3gT5YiG+0aSpIE0Bfg59QfupsodwJxGe0iSpAH0KuoP2k2XUxvtIUmSBsyGwALqD9hNl+XA3g32k6QGTKndAEl/9joG88jdKcC7ajdCkqQ2Wg+4jfq/1qPKML"
62	salad	salad	"data:image/png;base64,iVBORw0KGgoAAAANSUhEUgAAAgAAAAIACAYAAAD0eNT6AAAABHNCSVQICAgIfAhkiAAAAAlwSFlzAAAOxAAADsQBlSsOGwAAABl0RVh0U29mdHdhcmUAd3d3Lmlua3NjYXBlLm9yZ5vuPBoAACAASURBVHic7d15mB1VmfjxbychARICCSQsAsqETTYBGQEXQJBFkFFUXGZGQHB3HNdRnJ8juI2izjgqDjguIOAO4wLqgLIvigKKEDbZ17BESCAhhCT9++N0S9N2J3371ntO1a3v53neh3kcqH7fuveeOlV1FpAkSZIkSZIkSZIkSZIkSZIkSZIkSZIkSZIkSZIkSZIkSZIkSZIkSZIkSZIkSZIkSZIkSZIkSZIkSZIkSZIkSZIkSZIkSZIkSZIkSZIkSZIkSZIkSZIkSZIkSZIkSZIkSZIkSZIkSZIkSZIkSZIkSZIkSZIkSZIkSZIkSZIkSZIkSZIkSZIkSZIkSZIkSZIkSZIkSZIkSZIkSZIkSZIkSZIkSZIkSZIkSZIkSZIkSZIkSZIkSZIkSZIkSZIkSZIkSZIkSZIkSZIkSZIkSZIkSZIkSZIkSZIkSZIkSZIkSZIkSZIkSZIkSZIkSZKUSV/pBNQqM4AtgU2AqQOxFrAQWAQ8BtwF3Djwv0mSgtgBUJTVgOcBLwb2BHYAZnfw398HXA1cAJwPXAksrzZFSZJUhT5gD+DrwCNAf4UxH/gKsFu2aiRJ0kqtDrwduJlqL/qjxXXAEaSnDJIkKbPVgPcA95Lnwj88bgfeAkwMrlOSJA3YA7iGMhf+4XEVvhqQJCnUVNI7/hWUv/APjeXAF4DJcaVLktROWwN/pPzFfmVxJbB51AmQJKltXk6aq1/6Aj+WeBjYO+Y0SJLUHocBT1L+wt5JPAG8NuJkSJLUBu+hfu/7xxrLgSOrPyWSJPW2f6S5F//BWAa8quoTI0lSrzqI5j32Hy0eB15U7emRJKn3zKH6pXxLx/3ARlWeJEmSes"
63	sausage	sausage	"data:image/png;base64,iVBORw0KGgoAAAANSUhEUgAAAgAAAAIACAYAAAD0eNT6AAAABHNCSVQICAgIfAhkiAAAAAlwSFlzAAAOxAAADsQBlSsOGwAAABl0RVh0U29mdHdhcmUAd3d3Lmlua3NjYXBlLm9yZ5vuPBoAACAASURBVHic7d13vGZVeejx3zkzzAy9SBtQGBREWkBRUUkooRiv1wIKGmzgNaJYUK8GE0URNbHcRBBBVGIvEQt2A3oBI4YYRREEpQaROsjA0GeYmXP/WHMuh8N7zrxlP2vt8vt+Ps9HTWC9a+3z7vd59tp7rwWSJEmSJEmSJEmSJEmSJEmSJEmSJEmSJEmSJEmSJEmSJEmSJEmSJEmSJEmSJEmSJEmSJEmSJEmSJEmSJEmSJEmSJEmSJEmSJEmSJEmSJEmSJEmSJEmSJEmSJEmSJEmSJEmSJEmSJEmSJEmSJEmSJEmSJEmSJEmSJEmSJEmSJEmSJEmSJEmSJEmSJEmSJEmSJEmSJEmSJEmSJEmSJEmSJEmSJEmSJEmSJEmSJEmSJEmSJEmSJEmSJEmSJEmSJEmSJEmSJEmSJEmSJEmSJEmSJEmSJEmSWm6sdAfUWj8BHl26EzXwj8AZpTshSdPNLd0BtdY2wKLSnaiBjUp3QJJ6GS/dAUmSlJ8FgCRJHWQBIElSB1kASJLUQRYAkiR1kAWAJEkdZAEgSVIHWQBIktRBFgCSJHWQBYAkSR1kASBJUgdZAEiS1EEWAJIkdZAFgCRJHWQBIElSB1kASJLUQRYAkiR1kAWAJEkdZAEgxZoo3QFJ6mVu6Q6otZYFtPnj1RHleGDdittcXnF7kiTV2q9IV79VxhmB/V0XWBXQ51cG9lmShuYtAEW5J6DNJwS0OenxwFhAu3cHtClJI7MAUJQbA9rcC9gioF2A5wa1+8egdiVpJBYAinJNQJtzgcMD2h0DjghoF+CGoHYlSaqlo6j+fvoE6Yq66gf1XhrU1zuJua0gSVJt/RkxSXUC+IcK+7"
64	soda	soda	"data:image/png;base64,iVBORw0KGgoAAAANSUhEUgAAAgAAAAIACAYAAAD0eNT6AAAABHNCSVQICAgIfAhkiAAAAAlwSFlzAAAOxAAADsQBlSsOGwAAABl0RVh0U29mdHdhcmUAd3d3Lmlua3NjYXBlLm9yZ5vuPBoAACAASURBVHic7d17sGVXXSfw702nk3TenYRAIIkQ8oQEQhCIAhoSHvLwQSGloA7I6DiopaMzI2r5oBRHdFRGHGp0FKVkECtTPkAUlAQEFUgkjEkQCOT9gISkQx50utNJ950/dsfu0N2595y7f/t1Pp+qXaRSxfeutc/JXr+z1t5rJwAAAAAAAAAAAAAAAAAAAAAAAAAAAAAAAAAAAAAAAAAAAAAAAAAAAAAAAAAAAAAAAAAAAAAAAAAAAAAAAAAAAAAAAAAAAAAAAAAAAAAAAAAAAAAAAAAAAAAAAAAAAAAAAAAAAAAAAAAAAAAAAAAAAAAAAAAAAAAAAAAAAAAAAAAAAAAAAAAAAAAAAAAAAAAAAAAAAAAAAAAAAAAAAAAAAAAAAAAAAAAAAMDDLPXdACjy0STP7bsRTMKVSZ7SdyOgbQoApuiUJFfF95v2PC3Jv/TdCGjTfn03AAq8LgZ/2vXavhsAbXORZGr2T3JDksf23RAmZVOSxyW5v++GQFvMADA1L47Bn/YdneQlfTcC2qQAYGpe13cDmKzX9N0AaJMlAKbk2CQ3J1nfd0OYpAeSHJ/ky303BNpgBoApeVUM/tRZn+S7+m4EtEUBwJR8T98NYPJe1XcDoC2WAJiKk5N8oe9GMHnLSZ6Y5Lq+GwJrZQaAqfi+vhvAQlhK8t19NwLaYAaAqbgqyal9N4KFYGtgJsEMAFNwbgz+dOesJGf23QhYKwUAU+DmP7pmGYDRswTA2O2f5JY0ewBAV65J89Kp5b4bAvMyA8DYnReDP917YpJz+m4ErIUCgLF7Rd8NYGF9R98NgLWwBMCY7Zdm69/j+m4IC+lf42ZARswMAGP27Bj86c"
65	soup	soup	"data:image/png;base64,iVBORw0KGgoAAAANSUhEUgAAAgAAAAIACAYAAAD0eNT6AAAABHNCSVQICAgIfAhkiAAAAAlwSFlzAAAOxAAADsQBlSsOGwAAABl0RVh0U29mdHdhcmUAd3d3Lmlua3NjYXBlLm9yZ5vuPBoAACAASURBVHic7d15tGdVdeDx76uBoqqAKgZlhmIeBRGRUSKCIqBiBBxWa4xRHLsbp2gWLYrRZYxJOyxNBxKUGDSkjQo0gqJGDWFSmQcRARkFRKAKKGqAqvr1H6deU1ZX1e9VvX32vffd72ets8LKH9u9b717z/7d4RyQJEmSJEmSJEmSJEmSJEmSJEmSJEmSJEmSJEmSJEmSJEmSJEmSJEmSJEmSJEmSJEmSJEmSJEmSJEmSJEmSJEmSJEmSJEmSJEmSJEmSJEmSJEmSJEmSJEmSJEmSJEmSJEmSJEmSJEmSJEmSJEmSJEmSJEmSJEmSJEmSJEmSJEmSJEmSJEmSJEmSJEmSJEmSJEmSJEmSJEmSJEmSJEmSJEmSJEmSJEmSJEmSJEmSJEmSJEmSJEmSJEmSJEmSJEmSJEmSJEmSJEmSJEmSJEmSJEmSJEmSJEmSJEmSJEmSJEmSJEmSJEmSJEmSJEmSJEmSJEmSJEmSJEmSJEmSJEmSJEmSJEmSJEmSJEmSJEmSJEmSOmmk6QTUK5OATwKbBcV7EPgEMAiKN8zWwMcC4/0I+LfAeMMcDbw2MN4XgV8GxpMkTVAfpUzWEWMpcFRi7lOASwPzv5e4RmgstgMeCcw/s3GRJHXY4cAzxE1Akb/Ex+LTgbk/AxyamPtU4IrA/O8AZiXmL0nqqJnAPcRNQD+nPE7IcjDljkNU/p9MzB3g9KC8B8Ay4LDU7CVJnfVXxE1AS4EDE3OfDFwbmP89lIYoy07AwsD8/ykxd0lSh+0KLCZuAjozN33eG5j7ADg+N32+G5j7PGDz3PQlSV11DnET0NOUl9myTAN+G5j/deR+efOiwNwH5D+6kCR11L"
66	spaghetti	spaghetti	"data:image/png;base64,iVBORw0KGgoAAAANSUhEUgAAAgAAAAIACAYAAAD0eNT6AAAABHNCSVQICAgIfAhkiAAAAAlwSFlzAAAOxAAADsQBlSsOGwAAABl0RVh0U29mdHdhcmUAd3d3Lmlua3NjYXBlLm9yZ5vuPBoAACAASURBVHic7d15nB1VmfDxX3YChCTsW9j3zQVUFEdwAxVEUHHcUGdURmWcYXQcHEXBBRfGddRXcXtlUV8F1AEEXEEUZBFRFpEtYUsQQggJCemEpDN/PNVvX5okvdw6depW/b6fz/nc253bVc9J36567qlTzwFJkiRJkiRJkiRJkiRJkiRJkiRJkiRJkiRJkiRJkiRJkiRJkiRJkiRJkiRJkiRJkiRJkiRJkiRJkiRJkiRJkiRJkiRJkiRJkiRJkiRJkiRJkiRJkiRJkiRJkiRJkiRJkiRJkiRJkiRJkiRJkiRJkiRJkiRJkiRJkiRJkiRJkiRJkiRJkiRJkiRJkiRJkiRJkiRJkiRJkiRJkiRJkiRJkiRJkiRJkiRJkiRJkiRJkiRJkiRJkiRJkiRJkiRJkiRJkiRJkiRJkiRJkiRJkiRJkiRJkiRJkiRJkiRJkiRJkiRJkiRJkiRJkiRJkiRJkiRJkiRJkiRJkiRJkiRJkiRJkiRJkiRJkiRJkiRJkiRJkiRJkiRJkiRJkiRJkiRJkiRJkiRJkiRJkiRJkiRJkiRJkiRJkiRJkiRJkiS1wrjcAWitNgeOyh1ECy0G+oAlRXsYuAtYkTEmSSqdCUB9PRO4OncQAqAfmAvMBm4GriJ+N7flDEqSumECUF8mAPW3APgF8BPgYmL0QJKkrjwTWG3rmdYH/BR4FTBpDb9PSZJGxASgd9v9wKnArCf9ViVJGoYJQO+3FcCZwC5IUs2Mzx2A1GCTgGOBvwCnA1vkDUeSBpkASOlNAo4D7gBOASZnjUaSMAGQqrQhcDLwR+ISjyRlYwIgVW9v4ArgUzgaICkTEwApj4nAicCVOElQUgYmAF"
67	steak	steak	"data:image/png;base64,iVBORw0KGgoAAAANSUhEUgAAAgAAAAIACAYAAAD0eNT6AAAABHNCSVQICAgIfAhkiAAAAAlwSFlzAAAOxAAADsQBlSsOGwAAABl0RVh0U29mdHdhcmUAd3d3Lmlua3NjYXBlLm9yZ5vuPBoAACAASURBVHic7d15vO5jufjxz9p7s9nYtjGzjYyJY4pwqKijpEjSJGQoUiFNKmk64qgklUolKaVB01FxDCEKmUWZh8zz3vZor/37417rt5fdtvZ6huv6Pt/v+rxfr+uFfue3vvd1P9/puZ/7vm6QJEmSJEmSJEmSJEmSJEmSJEmSJEmSJEmSJEmSJEmSJEmSJEmSJEmSJEmSJEmSJEmSJEmSJEmSJEmSJEmSJEmSJEmSJEmSJEmSJEmSJEmSJEmSJEmSJEmSJEmSJEmSJEmSJEmSJEmSJEmSJEmSJEmSJEmSJEmSJEmSJEmSJEmSJEmSJEmSJEmSJEmSJEmSJEmSJEmSJEmSJEmSJEmSJEmSJEmSJEmSJEmSJEmSJEmSJEmSJEmSJEmSJEmSJEmSJEmSJEmSJEmSJEmSJEmSJEmSJEmSJEmSJEmSJEmSJEmSJEmSJEmSJEmSJEmSJEmSJEmSJEmSJEmSJEmSJEmSJEmSJEmSJEmSJEmSJEmSJEmSJEmSJEmSJEmSJEmSJEmSJEmSJEmSJEmSJEmSJEmSJEmSJEmSJEmSJEmSJEmSJEmSJEmSJEmSJEmSJEmSJEmSJEmSJEmSJEmSJEmSJElSy/qqboBUoUnA6sAawLLAMgP/XHbIfy8KTATGDvz/Gfrvg6YBM4HngCnAU8BU4BngEeBB4FHgIeCegf9NkirlC4CabAwwGdgQ2AhYl3kP/DWAJStq17PAXcCdwK3A34GbB/45raI2SRplfAFQUywFbAFsBfwH5aG/AbB4lY1q0RzgFuCvA3EF5cVgbpWNktRMvgCojsYAmwLbUh74W1Ee9mOqbFSQR4CLgAuAPwD3VdscSU3hC4DqYi"
68	sushi-1	sushi-1	"data:image/png;base64,iVBORw0KGgoAAAANSUhEUgAAAgAAAAIACAYAAAD0eNT6AAAABHNCSVQICAgIfAhkiAAAAAlwSFlzAAAOxAAADsQBlSsOGwAAABl0RVh0U29mdHdhcmUAd3d3Lmlua3NjYXBlLm9yZ5vuPBoAACAASURBVHic7d15tF5lfejxb+YwZA5TGBIGQQggYJmjFpkEBWsdqkuvtrcKHa4Xb4dltXUVrbfVVduKor20eqvUWi8ORUCrBUHbMIPKFEEghgQINCQhBEKGc3LuH7/99hySnOSc97zPfvbw/az1W+ckkL2fvd/n3fu3n/0MIEmSJEmSJEmSJEmSJEmSJEmSJEmSJEmSJEmSJEmSJEmSJEmSJEmSJEmSJEmSJEmSJEmSJEmSJEmSJEmSJEmSJEmSJEmSJEmSJEmSJEmSJEmSJEmSJEmSJEmSJEmSJEmSJEmSJEmSJEmSJEmSJEmSJEmSJEmSJEmSJEmSJEmSJEmSJEmSJEmSJEmSJEmSJEmSJEmSJEmSJEmSJEmSJEmSJEmSJEmSJEmSJEmSJEmSJEmSJEmSJEmSJEmSJEmSJEmSJEmSJEmSJEmSJEmSJEmSJEmSJEmSJEmSJEmSJEmSJEmSJEmSJEmSJEmSJEmSJEmSJEmSJEmSJEmSJEmSJEmSJEmSJEmSJEmSJEmSJEmSJEmSJEmSJEmSJEmSJEmSJEmSJEmSJEmSJEmSJEmSJEmSJEmSJEmSJEmSJEmSJEmSJEmSJEmSJEmSJEmSJEmSJEmSJEmSJEmSJEmSJEmSJEmSJEmSpB0Yl7sAksZsOjAHmFv8nAPMAvYo/vvuwJTi9xnA+CJmFH+3DthaxLri7zYBG4rfXwDWAquLeKb4+VySo5FUChMAqbomAQcCBwMLhsRBDN7o5xT/Xw5bGEwKVgPLgWVF/KL4uaL4/yRVjAmAlN9c4DjgWOBo4FDiRr8/MCFfsXqiH3iCSAYeBe4H7inimXzFkmQCIJVnAnAE8IohcSwwL2ehMn"
69	sushi-2	sushi-2	"data:image/png;base64,iVBORw0KGgoAAAANSUhEUgAAAgAAAAIACAYAAAD0eNT6AAAABHNCSVQICAgIfAhkiAAAAAlwSFlzAAAOxAAADsQBlSsOGwAAABl0RVh0U29mdHdhcmUAd3d3Lmlua3NjYXBlLm9yZ5vuPBoAACAASURBVHic7d13mFxV/cfxdxISEgi9FyUgEGkCIoqiNEUFQVFELFhAf6BgRQRRqoio2AURFUSKAgrYUFSKBUWqiPReQodQQ0jd3x9nQzab2d255XvvzNz363m+z0afZfZzZ3fmnLn3nu8BSZIkSZIkSZIkSZIkSZIkSZIkSZIkSZIkSZIkSZIkSZIkSZIkSZIkSZIkSZIkSZIkSZIkSZIkSZIkSZIkSZIkSZIkSZIkSZIkSZIkSZIkSZIkSZIkSZIkSZIkSZIkSZIkSZIkSZIkSZIkSZIkSZIkSY2yB3AMsFTdQSRJUjXGAXcCfcDjwEHA+FoTSZKkcJ8gDf4D6x5gb2B0jbkkSVKQxYEHWXgCMK+uArarLZ0kSQrxeYYe/AfWX4BNasooSZJKtBTpmn87E4A+YA5wNjCphqySJKkkR9H+4D+wZgDfBZauPrIkSSpieeBp8k0A5pUrBiRJ6jLfotjg74oBSZK6zKrAc5Q3AXDFgCRJXeBEyh/8XTEgSVIHW5N0E1/kBMAVA5IkdZjTiR/8XTEgSVIH2YD0ybzKCcC8csWAJEk1OY96Bv+B5YoBSZIq9ApgLvVPAObVlbhiQJKkcH+m/kG/VbliQJKkIK+j/oF+uHLFgCRJAf5G/YN8O+WKAUmSSvIW6h/Ys5YrBiRJKmAUcA31D+h5yxUDkqRarQbsUHeIHN5F/YN4GXUlsG3Jz40kSSOa1zv/n8Bras7SrjHAjdQ/eJdZrhiQJFVmcO/8uaQ71l9SZ6g27En9A3ZEuWJAklSJoXrnzySdGVixvmhDGgfcQf2DdWS5YkCSFKad3vnPAEcAE+qJ2NLHqX+ArqpcMSBJKl2W3vlTSH"
70	sushi-3	sushi-3	"data:image/png;base64,iVBORw0KGgoAAAANSUhEUgAAAgAAAAIACAYAAAD0eNT6AAAABHNCSVQICAgIfAhkiAAAAAlwSFlzAAAOxAAADsQBlSsOGwAAABl0RVh0U29mdHdhcmUAd3d3Lmlua3NjYXBlLm9yZ5vuPBoAACAASURBVHic7d15tF1VneDxb+aEzJAACRBIZA5zVLACKjIoCqKlWEvFqSxF7VKsdiqrrSq0y24nUFoti9LqFl2tlorlgLQttEDJjBAGEyHIDAlDSMg8kvQfv3Pr3TySvOnus+855/tZ67fevSE5b+/L3fv8zj5n7w2SJEmSJEmSJEmSJEmSJEmSJEmSJEmSJEmSJEmSJEmSJEmSJEmSJEmSJEmSJEmSJEmSJEmSJEmSJEmSJEmSJEmSJEmSJEmSJEmSJEmSJEmSJEmSJEmSJEmSJEmSJEmSJEmSJEmSJEmSJEmSJEmSJEmSJEmSJEmSJEmSJEmSJEmSJEmSJEmSJEmSJEmSJEmSJEmSJEmSJEmSJEmSJEmSJEmSJEmSJEmSJEmSJEmSJEmSJEmSJEmSJEmSJEmSJEmSJEmSJEmSJEmSJEmSJEmSJEmSJEmSJEmSJEmSJEmSJEmSJEmSJEmSJEmSJEmSJEmSJEmSJEmSJEmSJEmSJEmSJEmSJEmSJEmSJEmSJEmSJEmSJEmSJEmSJEmSJEmSJEmSJEmSJEmSJEmSJEmSJEmSJEmSJEmSJEmSJEmSJEmSJEmSJEmSJEmSJEmSJEmSJEmSJEmSJEmSJEmSJEmSJEmSJEmSJEmSJEmSJEmSJEmSJEmSJEmSJEmSJEmSJEmSJEmSJEmSJEmSJEmSJEmSJEmSJEmSJEmSJEk7Nix3ASR13BS2b9uTgBFt7ycCI3v9m83Amrb3zwGr2t5vA57tYBklZWYCIOUxDpgOTAMmAOOLn5OL1+OJE/ektveT2/7ueGAq0YanlFz2lmeJxGAFsLaINcWfryveryqi9d9XAquL/74GeBpYBqwvuexS45"
71	sushi-4	sushi-4	"data:image/png;base64,iVBORw0KGgoAAAANSUhEUgAAAgAAAAIACAYAAAD0eNT6AAAABHNCSVQICAgIfAhkiAAAAAlwSFlzAAAOxAAADsQBlSsOGwAAABl0RVh0U29mdHdhcmUAd3d3Lmlua3NjYXBlLm9yZ5vuPBoAACAASURBVHic7d15tF5lfejxbyCBhJBACPMQ5kGZBwVEUMQi9l6t2KIWWweuXSpW6rrqVdverk6spbb0qtU6iwMOBYRWsAxSGURGQcYwCiFAQiAkgQxkOsn94/eedd6EM+d99rP3fr6ftZ51zntO8uzf+5733fu3nxEkSZIkSZIkSZIkSZIkSZIkSZIkSZIkSZIkSZIkSZIkSZIkSZIkSZIkSZIkSZIkSZIkSZIkSZIkSZIkSZIkSZIkSZIkSZIkSZIkSZIkSZIkSZIkSZIkSZIkSZIkSZIkSZIkSZIkSZIkSZIkSZIkSZIkSZIkSZIkSZIkSZIkSZIkSZIkSZIkSZIkSZIkSZIkSZIkSZIkSZIkSZIkSZIkSZIkSZIkSZIkSZIkSZIkSZIkSZIkSZIkSZIkSZIkSZIkSZIkSZIkSZIkSZIkSZIkSZIkSZIkSZIkSZIkSZIkSZIkSZIkSZIkSZIkSZIkSZIkSZIkSZIkSZIkSZIkSZIkSZIkSZIkSZIkSZIkSZIkSZIkSZIkSZIkSZIkSZIkSZIkSZIkSZIkSZIkSZIkSZIkSZIkSZIkSZIkSZIkSZIkSZIkSZIkSZIkSZIkSZIkSZIkSZIkSZIkSZIkSZIkSZIkSZIkSZIkSZIkSZIkSZIkSZIkSZIkSZIkSZIkSZIkSZIkSZIkSZIkSZIkSZIkSZIkSZIkSZIkSZIkSZIkSVK5JuQOQJIabgKw7TC/fwlYWVEs0qiZAEhquy2B7TtlB+JiPbVTpgHbdD2e3vlZ/+NtgUnA1l31bd75d+O1CljR9XgNsIxIFJYDL3bK8k55AVja9XhJ5+tiYCGwoPPvpTExAZDURDsAewC7MHBx36"
72	sushi	sushi	"data:image/png;base64,iVBORw0KGgoAAAANSUhEUgAAAgAAAAIACAYAAAD0eNT6AAAABHNCSVQICAgIfAhkiAAAAAlwSFlzAAAOxAAADsQBlSsOGwAAABl0RVh0U29mdHdhcmUAd3d3Lmlua3NjYXBlLm9yZ5vuPBoAACAASURBVHic7d15tGRVfejxb080NPTE3N000CAyySwBZXio/ZSYMCoqLNDkBVEjRh/wogk+H4gDJqCSF0XBJBCNGgwqDwOKTEFQJAFF5qmBZmjRZuqZHt8fv6p1qy/33r5VdfbZ51R9P2v9Vt17oU/tM1Tt39lnDyBJkiRJkiRJkiRJkiRJkiRJkiRJkiRJkiRJkiRJkiRJkiRJkiRJkiRJkiRJkiRJkiRJkiRJkiRJkiRJkiRJkiRJkiRJkiRJkiRJkiRJkiRJkiRJkiRJkiRJkiRJkiRJkiRJkiRJkiRJkiRJkiRJkiRJkiRJkiRJkiRJkiRJkiRJkiRJkiRJkiRJkiRJkiRJkiRJkiRJkiRJkiRJkiRJkiRJkiRJkiRJkiRJkiRJkiRJkiRJkiRJkiRJkiRJkiRJkiRJkiRJkiRJkiRJkiRJkiRJkiRJkiRJkiRJkiRJkiRJkiRJkiRJkiRJkiRJkiRJkiRJkiRJkiRJkiRJkiRJkiRJkiRJkiRJkiRJkiRJkiRJkiRJkiRJkiRJkiRJkiRJkiRJkiRJkiRJkiRJkiRJkiRJkiRJkiRJkiRJkiRJkiRJkiRJkiRJkiRJkiRJkiRJkiRJkiRJkiRJkiRJkiRJkiRJkiRJkiRJkiRJkiRJkiRJkiRJkiRJkiRJkiRJkiRJkiRJkiRJkiRJkiRJkiRJkiRJkiRJkiRJkiRJkiRJkiRJkiRJkiRJkiRJkiRJkiRJkiRJkiRJkiRJkiRJkiRJkiRJkiRJkiRJkiRJkiRJkiRJkiRJkiRJkiRJkiRJkiRJkiRJkiRJkiRJkiRJkiRJkiRJkiRJUufG5C6A1KapwNiW3ycD4xs/LwVWtv"
73	toaster	toaster	"data:image/png;base64,iVBORw0KGgoAAAANSUhEUgAAAgAAAAIACAYAAAD0eNT6AAAABHNCSVQICAgIfAhkiAAAAAlwSFlzAAAOxAAADsQBlSsOGwAAABl0RVh0U29mdHdhcmUAd3d3Lmlua3NjYXBlLm9yZ5vuPBoAABf5SURBVHic7d171GVlfR/w7wwD6AwwgEEMgiCgqFAhKWoUQ5CoiVpbk3YlJlrrapI2WWkSW5OV3myxpkm0q8lK0iS2BBNXWUkbs6z1hhdEpUpUgiQxXBSdIBcRqHIr9xlO/9jjCujMnHeG3372u8/z+ay1/2L4ne85+33P/r57n/PsBAAAAAAAAAAAAAAAAAAAAAAAAAAAAAAAAAAAAAAAAAAAAAAAAAAAAAAAAAAAAAAAAAAAAAAAAAAAAAAAAAAAAAAAAAAAAAAAAAAAAAAAAAAAAAAAAAAAAAAAAAAAAAAAAAAAAAAAAAAAAAAAAGClbJg6AEzshCTfWTjvkiQ3Fs5b5vlJvr1o1iLJu5JsL5q3zMYkr0iyX9G8W5J8vGgWACvsoCRXZTjwVWyXJjmwYf5nJ7m/MP+vNMyeJG8ozL4jyQvbxgdgrs5P3QHotiTHN8x+WJK/Lsz/qST7N8x/ZoYzDVX5/13D7ADM2GtTd/BZJPmRpumTdxRmvzPJMQ2zb81wmaQq///JcDkBAPbosAzXi6sOQBe2jZ8XF2ZfJHl92/j5jcLsDyY5tW18AObqd1N3ALo/ydMbZj8gydWF+a9I21P/p2Q4aFfl/7WG2QGYsaek9trz77SNn58tzL5I8nfbxs/7C7PfmeFsDgAsdW7qDkDbk5zYMPv+Sa4tzH9l2l47PzXJQ4X539IwOwAzdlSS+1J3APqjtvHzDwuzL5K8pm38/GFh9vsz7E8AWOrnU3sAfVHb+PloYfa7kjy2YfZDktxbmP/dDbMDMHOXpu4AdEuSTQ2zPyG1n104v2H2pP5rl69qmh6A2To2tQegc9vGz08VZl8k+cG28fPuwu"
74	water	water	"data:image/png;base64,iVBORw0KGgoAAAANSUhEUgAAAgAAAAIACAYAAAD0eNT6AAAABHNCSVQICAgIfAhkiAAAAAlwSFlzAAAOxAAADsQBlSsOGwAAABl0RVh0U29mdHdhcmUAd3d3Lmlua3NjYXBlLm9yZ5vuPBoAAB2cSURBVHic7d17sG5nXR/w77nkJCchJITknFygKDhAk0JFWjtFdFoIox0udrS3qRXr1BFqdazT0pReLPY2tNoqrbWirX9Q/qDYghidYmsVykW0EbVDKJdCAiHJOblfTnJOzm33j7VDTpJz2e+712+t9az1+cw8E2Y48+xnrf3u9XzfZz3rtxIAAAAAAAAAAAAAAAAAAAAAAAAAAAAAAAAAAAAAAAAAAAAAAAAAAAAAAAAAAAAAAAAAAAAAAAAAAAAAAAAAAAAAAAAAAAAAAAAAAAAAAAAAAAAAAAAAAAAAAAAAAAAAAAAAAAAAAAAAAAAAAAAAAAAAAAAAAAAAAAAAAAAAAAAAAAAAAAAAAAAAAAAAAAAAAAAAAAAAAAAAAAAAAAAAAAAAAAAAAAAAAAAAAAAAAAAAAAAAAAAAAAAAAAAAABjNrrEHQNNenuS/JtmX5KEkB8cdDgAwhB9LsnFKuzXJO5P8+SQXjTcsAKDS7+bJAeDU9miS/5Hkh5NcM9YAAYB+XZ3kZM4cAJ7abk7y9iSvTLJjhPECAD14U7Y++T+1HUzyrnS3Ci4eeuAAwPpuzPoB4Ey3Cp476BEAACvZm+SR9BMAznarYOdQBwQAnNvrUjP5P7XdlSduFTxzkCMDAM7oZzNMADi1HU53q+CGJC+sP0QA4FQ7ktyW4QPAU9sXkrwjyfVJdpceMQCQl2X8yf+p7Z4k703yxiSX1B06ACzXj2b8Cf9s7XiSj6a7VfDionMAAIvzOxl/kl/3VsF5BecDAGZvX5ITGX9SX7fdmyduFVza87kBgNn6axl/Eu+rnXqr4No+TxIAzM37M/7EXdW+kO5Nhq9PsqevEwYArT"
75	whiskey	whiskey	"data:image/png;base64,iVBORw0KGgoAAAANSUhEUgAAAgAAAAIACAYAAAD0eNT6AAAABHNCSVQICAgIfAhkiAAAAAlwSFlzAAAOxAAADsQBlSsOGwAAABl0RVh0U29mdHdhcmUAd3d3Lmlua3NjYXBlLm9yZ5vuPBoAAB4ZSURBVHic7d13tC1XfR/wr566hCSaRBO6QhUkhCgSYEAQgkgMQqaXJBQDWQGTFUOCHexlg23sBGKcsBzHsBJKEmJMsEkMVmimBLBiipEBU2wBgVBVQEhIoP708se+Z+np8p7O3Htnz56Z8/mstddTnfObc+/M7zt7WgIAAAAAAAAAAAAAAAAAAAAAAAAAAAAAAAAAAAAAAAAAAAAAAAAAAAAAAAAAAAAAAAAAAAAAAAAAAAAAAAAAAAAAAAAAAAAAAAAAAAAAAAAAAAAAAAAAAAAAAAAAAAAAAAAAAAAAAAAAAAAAAAAAAAAAAAAAAAAAAAAAAAAAAAAAAAAAAAAAAAAAAAAAAAAAAAAAAAAAAAAAAAAAAAAAAAAAAAAAAAAAAAAAAAAAAAAAAAAAAAAAAAAAAAAAAAAAAAAAAAAAAAAAAAAAAAAAAAAAAAAAAAAAAAAAAAAAAAAAAAAAAEDP9mldAJNwVpJzWhcBdPbuJH/eugjGbb/WBTAJD0zystZFAJ1dGgGAJXa0LgAAGJ4AQBe7WhcAbIptlqUEAABYQQIAXTiaAJgZAQBgfoR2lhIAAGAFCQB04WgCpsU2y1ICAACsIAEAAFaQAEAXphNhWmyzLCUAAMAKEgAAYAUJAHRhOhGmxTbLUgIAAKwgAQAAVpAAQBemE2FabLMsJQAAwAoSAOjC0QTAzAgAAPMjtLPUfq0LYBJq7EyuT/KxCsuFqTkryYGti2D1CAC0cnmSR7cuAkbgoiR3bl0Eq8cpAID5cQqApQQAWtmndQEwErYFmhAA6MLRBMDMCAAA8yO0s5QAQCumPaGwLdCEAEAXjiZgWmyzLCUAAMAKEgDoosbRhG"